Table,Year,Region,IncomeCode,IncomeDescription,Mean,MeanFlag,MeanRse,Median,MedianFlag,MedianRse
T1,2007,AUK,10,0wages and salaries,74609,,8.3,65218,,8.1
T1,2007,AUK,11,1self-employment,51631,*,36.3,38000,,19.4
T1,2007,AUK,12,2investments,11016,*,37.8,2000,**,68.7
T1,2007,AUK,13,3private superannuation,20371,*,36.3,17095,*,25.9
T1,2007,AUK,14,4New Zealand Superannuation and war pensions,17572,,6.9,16178,,4.6
T1,2007,AUK,15,5Other government benefits,12983,,14.9,9016,,15.9
T1,2007,AUK,16,6Other regular sources,17241,*,45.4,5260,**,53.5
T1,2007,AUK,17,7Total regular and recurring income,83518,,7.8,69000,,9
T1,2007,AUK,18,8Total irregular Income,21514,**,56.8,3945,*,36.8
T1,2007,AUK,19,9Total income all sources,85158,,7.8,69904,,9.9
T1,2007,CAN,10,0wages and salaries,63638,,13.4,55897,,13.6
T1,2007,CAN,11,1self-employment,50200,*,37.1,35000,**,51.5
T1,2007,CAN,12,2investments,7780,**,57.5,921,**,54.6
T1,2007,CAN,13,3private superannuation,13701,*,48.7,8379,**,50.8
T1,2007,CAN,14,4New Zealand Superannuation and war pensions,18735,,6.6,16920,,16.3
T1,2007,CAN,15,5Other government benefits,8824,,17.7,5709,*,38.2
T1,2007,CAN,16,6Other regular sources,10482,*,47.1,3149,**,60.9
T1,2007,CAN,17,7Total regular and recurring income,65957,,10.6,54260,,7.8
T1,2007,CAN,18,8Total irregular Income,28221,**,59.9,10780,**,89.3
T1,2007,CAN,19,9Total income all sources,67961,,10.1,55862,,7.7
T1,2007,RNI,10,0wages and salaries,53090,,7.3,49089,,9.4
T1,2007,RNI,11,1self-employment,38167,*,26.3,30000,,16
T1,2007,RNI,12,2investments,6079,*,36.6,1260,*,26.2
T1,2007,RNI,13,3private superannuation,21292,**,60,17290,*,32.4
T1,2007,RNI,14,4New Zealand Superannuation and war pensions,18113,,5.4,16647,,2.7
T1,2007,RNI,15,5Other government benefits,9741,,15.5,6919,*,26.1
T1,2007,RNI,16,6Other regular sources,7184,*,31.3,3000,*,41.8
T1,2007,RNI,17,7Total regular and recurring income,56484,,4.9,47029,,7.6
T1,2007,RNI,18,8Total irregular Income,12563,*,46.4,2500,**,54.9
T1,2007,RNI,19,9Total income all sources,57409,,4.9,47889,,8.9
T1,2007,RSI,10,0wages and salaries,56355,,10.5,50955,,10.8
T1,2007,RSI,11,1self-employment,32489,*,42.1,25187,*,40.7
T1,2007,RSI,12,2investments,6577,*,41.3,2080,*,36.1
T1,2007,RSI,13,3private superannuation,23074,*,34.9,17005,*,24.7
T1,2007,RSI,14,4New Zealand Superannuation and war pensions,17367,,8,16111,,1.5
T1,2007,RSI,15,5Other government benefits,8721,*,21.3,5799,*,37.4
T1,2007,RSI,16,6Other regular sources,7652,*,48.2,2630,**,77.1
T1,2007,RSI,17,7Total regular and recurring income,62203,,7,53263,,11.5
T1,2007,RSI,18,8Total irregular Income,9558,**,55.3,2400,**,99.1
T1,2007,RSI,19,9Total income all sources,63142,,6.9,54181,,9.8
T1,2007,TNZ,10,0wages and salaries,64695,,4.4,56319,,4.3
T1,2007,TNZ,11,1self-employment,45286,,19,31299,,11.2
T1,2007,TNZ,12,2investments,8391,,19,1500,,17
T1,2007,TNZ,13,3private superannuation,18966,*,21,14514,,15.2
T1,2007,TNZ,14,4New Zealand Superannuation and war pensions,17990,,2.8,16647,,2.2
T1,2007,TNZ,15,5Other government benefits,10551,,8,7424,,14.2
T1,2007,TNZ,16,6Other regular sources,10846,*,24.9,3120,,20.7
T1,2007,TNZ,17,7Total regular and recurring income,69508,,3.8,57582,,4.6
T1,2007,TNZ,18,8Total irregular Income,16601,*,29.8,3945,*,31.6
T1,2007,TNZ,19,9Total income all sources,70837,,3.8,58237,,4.5
T1,2007,WEL,10,0wages and salaries,79336,,8.5,70786,,10.3
T1,2007,WEL,11,1self-employment,55379,*,38.2,36500,*,25.5
T1,2007,WEL,12,2investments,10929,*,34.5,1530,**,56.3
T1,2007,WEL,13,3private superannuation,15363,*,44.1,9400,***,104.3
T1,2007,WEL,14,4New Zealand Superannuation and war pensions,18113,,6.9,16640,,1.7
T1,2007,WEL,15,5Other government benefits,10703,*,22,6136,**,56.7
T1,2007,WEL,16,6Other regular sources,8311,*,39.8,2000,**,65.2
T1,2007,WEL,17,7Total regular and recurring income,81740,,8.3,66291,,10.6
T1,2007,WEL,18,8Total irregular Income,12567,**,59.1,1315,**,79.3
T1,2007,WEL,19,9Total income all sources,83004,,8.3,66855,,9.8
T2,2007,AUK,10,0wages and salaries,56811,,8.4,45429,,13.2
T2,2007,AUK,11,1self-employment,10926,*,45.2,0,,
T2,2007,AUK,12,2investments,4167,*,41.2,0,,
T2,2007,AUK,13,3private superannuation,453,**,65.3,0,,
T2,2007,AUK,14,4New Zealand Superannuation and war pensions,2792,*,22.5,0,,
T2,2007,AUK,15,5Other government benefits,4330,*,21.8,0,,
T2,2007,AUK,16,6Other regular sources,3257,**,50,0,,
T2,2007,AUK,17,7Total regular and recurring income,82736,,7.8,67900,,9
T2,2007,AUK,18,8Total irregular Income,1624,**,64.8,0,,
T2,2007,AUK,19,9Total income all sources,84360,,7.8,69000,,9.3
T2,2007,CAN,10,0wages and salaries,45193,,12.4,38570,,14.1
T2,2007,CAN,11,1self-employment,7030,**,61.1,0,,
T2,2007,CAN,12,2investments,3082,**,59.5,0,,
T2,2007,CAN,13,3private superannuation,631,**,63.8,0,,
T2,2007,CAN,14,4New Zealand Superannuation and war pensions,4248,,19.4,0,,
T2,2007,CAN,15,5Other government benefits,3039,*,24.7,0,,
T2,2007,CAN,16,6Other regular sources,2372,**,53.4,0,,
T2,2007,CAN,17,7Total regular and recurring income,65594,,10.6,54026,,7
T2,2007,CAN,18,8Total irregular Income,1994,**,69.7,0,,
T2,2007,CAN,19,9Total income all sources,67588,,10.1,55230,,6.9
T2,2007,RNI,10,0wages and salaries,36858,,7.9,29331,,17.6
T2,2007,RNI,11,1self-employment,6312,*,35.7,0,,
T2,2007,RNI,12,2investments,2452,*,44.3,0,,
T2,2007,RNI,13,3private superannuation,548,**,73.7,0,,
T2,2007,RNI,14,4New Zealand Superannuation and war pensions,4867,,13.4,0,,
T2,2007,RNI,15,5Other government benefits,3886,,15.5,0,,
T2,2007,RNI,16,6Other regular sources,1229,*,36.3,0,,
T2,2007,RNI,17,7Total regular and recurring income,56152,,5.1,46788,,7.5
T2,2007,RNI,18,8Total irregular Income,919,**,59.3,0,,
T2,2007,RNI,19,9Total income all sources,57071,,5,47455,,8.9
T2,2007,RSI,10,0wages and salaries,42693,,11.2,35500,,16.4
T2,2007,RSI,11,1self-employment,6810,*,37.5,0,,
T2,2007,RSI,12,2investments,3021,*,46.1,0,,
T2,2007,RSI,13,3private superannuation,1488,**,53.5,0,,
T2,2007,RSI,14,4New Zealand Superannuation and war pensions,3998,*,22.6,0,,
T2,2007,RSI,15,5Other government benefits,2545,*,26,0,,
T2,2007,RSI,16,6Other regular sources,1649,**,55,0,,
T2,2007,RSI,17,7Total regular and recurring income,62203,,7,53263,,11.5
T2,2007,RSI,18,8Total irregular Income,939,**,59.2,0,,
T2,2007,RSI,19,9Total income all sources,63142,,6.9,54181,,9.8
T2,2007,TNZ,10,0wages and salaries,47052,,4.7,38253,,8.1
T2,2007,TNZ,11,1self-employment,8242,*,25.1,0,,
T2,2007,TNZ,12,2investments,3433,,20.7,0,,
T2,2007,TNZ,13,3private superannuation,692,*,28.4,0,,
T2,2007,TNZ,14,4New Zealand Superannuation and war pensions,3929,,4.5,0,,
T2,2007,TNZ,15,5Other government benefits,3647,,11.4,0,,
T2,2007,TNZ,16,6Other regular sources,2129,*,29,0,,
T2,2007,TNZ,17,7Total regular and recurring income,69124,,3.9,57198,,4.8
T2,2007,TNZ,18,8Total irregular Income,1321,*,33.4,0,,
T2,2007,TNZ,19,9Total income all sources,70446,,3.8,58036,,4.4
T2,2007,WEL,10,0wages and salaries,57242,,11.4,47492,,19.6
T2,2007,WEL,11,1self-employment,9614,*,48.3,0,,
T2,2007,WEL,12,2investments,5154,*,34.4,0,,
T2,2007,WEL,13,3private superannuation,1001,**,65,0,,
T2,2007,WEL,14,4New Zealand Superannuation and war pensions,3784,*,29.6,0,,
T2,2007,WEL,15,5Other government benefits,3011,*,28.1,0,,
T2,2007,WEL,16,6Other regular sources,1933,*,46.3,0,,
T2,2007,WEL,17,7Total regular and recurring income,81740,,8.3,66291,,10.6
T2,2007,WEL,18,8Total irregular Income,1265,**,62,0,,
T2,2007,WEL,19,9Total income all sources,83004,,8.3,66855,,9.8
T1,2008,AUK,10,0wages and salaries,74216,,7.4,61800,,7
T1,2008,AUK,11,1self-employment,65614,*,21.4,45124,,15.2
T1,2008,AUK,12,2investments,12055,*,27.4,2630,*,32.6
T1,2008,AUK,13,3private superannuation,21998,**,53.5,15158,,4.4
T1,2008,AUK,14,4New Zealand Superannuation and war pensions,18519,,7.4,17162,,3.4
T1,2008,AUK,15,5Other government benefits,11946,,14,8101,*,22.6
T1,2008,AUK,16,6Other regular sources,18555,*,41.6,3500,*,44.8
T1,2008,AUK,17,7Total regular and recurring income,87823,,7.2,69910,,7.9
T1,2008,AUK,18,8Total irregular Income,27772,**,78.2,3945,***,145.8
T1,2008,AUK,19,9Total income all sources,88816,,7.1,71296,,7.9
T1,2008,CAN,10,0wages and salaries,62311,,7.9,56125,,11.6
T1,2008,CAN,11,1self-employment,37331,**,53.6,22937,*,26.4
T1,2008,CAN,12,2investments,9483,*,42.2,1006,*,49.2
T1,2008,CAN,13,3private superannuation,17101,*,42,14136,**,61.7
T1,2008,CAN,14,4New Zealand Superannuation and war pensions,20352,,5.4,18187,,6.9
T1,2008,CAN,15,5Other government benefits,8086,,15.1,4582,*,24.6
T1,2008,CAN,16,6Other regular sources,12947,*,39.9,2841,*,38.9
T1,2008,CAN,17,7Total regular and recurring income,66605,,9.6,55562,,8.3
T1,2008,CAN,18,8Total irregular Income,45037,**,92.9,7890,***,117.9
T1,2008,CAN,19,9Total income all sources,70084,,10.2,56268,,7.7
T1,2008,RNI,10,0wages and salaries,59865,,6.2,52670,,7.6
T1,2008,RNI,11,1self-employment,41267,*,24,30000,,20.6
T1,2008,RNI,12,2investments,10065,*,31.4,1800,*,30.5
T1,2008,RNI,13,3private superannuation,29705,**,81.5,17369,*,25.4
T1,2008,RNI,14,4New Zealand Superannuation and war pensions,19390,,4.8,17506,,3.2
T1,2008,RNI,15,5Other government benefits,11872,,12.9,10105,*,25
T1,2008,RNI,16,6Other regular sources,10975,**,51,3000,,19.3
T1,2008,RNI,17,7Total regular and recurring income,64679,,6.4,53009,,6.1
T1,2008,RNI,18,8Total irregular Income,25850,**,51.1,6000,**,82
T1,2008,RNI,19,9Total income all sources,66396,,6.4,53140,,6
T1,2008,RSI,10,0wages and salaries,60520,,9.5,51941,,11.1
T1,2008,RSI,11,1self-employment,43558,,20.1,27531,*,41.7
T1,2008,RSI,12,2investments,6332,*,22,1500,*,22.2
T1,2008,RSI,13,3private superannuation,18100,**,50.4,12700,*,32.5
T1,2008,RSI,14,4New Zealand Superannuation and war pensions,20258,,5.6,18084,,7.6
T1,2008,RSI,15,5Other government benefits,9157,,14.6,5960,*,35.7
T1,2008,RSI,16,6Other regular sources,9143,**,51.2,2105,**,83.5
T1,2008,RSI,17,7Total regular and recurring income,66115,,7,55381,,6.2
T1,2008,RSI,18,8Total irregular Income,27424,**,53.2,3945,**,61.4
T1,2008,RSI,19,9Total income all sources,68604,,6.4,57269,,6
T1,2008,TNZ,10,0wages and salaries,67209,,4,57200,,4.3
T1,2008,TNZ,11,1self-employment,50776,,13.8,34378,,11
T1,2008,TNZ,12,2investments,10239,,17.4,1689,,16.2
T1,2008,TNZ,13,3private superannuation,23124,*,34,15080,,12.5
T1,2008,TNZ,14,4New Zealand Superannuation and war pensions,19444,,2.5,17506,,1.3
T1,2008,TNZ,15,5Other government benefits,10707,,7.2,7332,,13.2
T1,2008,TNZ,16,6Other regular sources,13023,*,23.3,3000,,13.8
T1,2008,TNZ,17,7Total regular and recurring income,75073,,3.7,59345,,3.2
T1,2008,TNZ,18,8Total irregular Income,30809,*,27.8,5260,*,38.3
T1,2008,TNZ,19,9Total income all sources,77153,,3.9,60000,,3.6
T1,2008,WEL,10,0wages and salaries,78554,,8.7,65626,,12.1
T1,2008,WEL,11,1self-employment,54627,*,28.1,39107,*,33.2
T1,2008,WEL,12,2investments,10578,*,32,1644,*,25.9
T1,2008,WEL,13,3private superannuation,25938,*,45.3,15853,**,61.9
T1,2008,WEL,14,4New Zealand Superannuation and war pensions,19409,,6.8,17506,,6.9
T1,2008,WEL,15,5Other government benefits,8525,,18,6200,*,21.6
T1,2008,WEL,16,6Other regular sources,10925,**,61.7,2000,*,47.5
T1,2008,WEL,17,7Total regular and recurring income,90669,,7.5,73457,,10.2
T1,2008,WEL,18,8Total irregular Income,33020,*,48,5000,***,103
T1,2008,WEL,19,9Total income all sources,94608,,8,76240,,10.3
T2,2008,AUK,10,0wages and salaries,56679,,8.7,45600,,12.5
T2,2008,AUK,11,1self-employment,14295,*,26.1,0,,
T2,2008,AUK,12,2investments,5575,*,28.2,0,,
T2,2008,AUK,13,3private superannuation,470,**,63.6,0,,
T2,2008,AUK,14,4New Zealand Superannuation and war pensions,3247,,13.8,0,,
T2,2008,AUK,15,5Other government benefits,4023,,17.9,0,,
T2,2008,AUK,16,6Other regular sources,3359,*,47.1,0,,
T2,2008,AUK,17,7Total regular and recurring income,87647,,7.2,69909,,8.1
T2,2008,AUK,18,8Total irregular Income,990,**,81.4,0,,
T2,2008,AUK,19,9Total income all sources,88637,,7.1,70993,,7.8
T2,2008,CAN,10,0wages and salaries,44360,,10.8,37557,,16.7
T2,2008,CAN,11,1self-employment,6908,**,60.8,0,,
T2,2008,CAN,12,2investments,3402,*,44.6,0,,
T2,2008,CAN,13,3private superannuation,837,**,66,0,,
T2,2008,CAN,14,4New Zealand Superannuation and war pensions,5025,,13.9,0,,
T2,2008,CAN,15,5Other government benefits,3045,,19.7,0,,
T2,2008,CAN,16,6Other regular sources,2609,*,44.6,0,,
T2,2008,CAN,17,7Total regular and recurring income,66186,,9.6,55385,,9.3
T2,2008,CAN,18,8Total irregular Income,3457,**,98.2,0,,
T2,2008,CAN,19,9Total income all sources,69643,,10.2,55686,,7.6
T2,2008,RNI,10,0wages and salaries,40627,,7.4,33279,,15.5
T2,2008,RNI,11,1self-employment,7133,*,29.5,0,,
T2,2008,RNI,12,2investments,4504,*,30.1,0,,
T2,2008,RNI,13,3private superannuation,893,**,95.7,0,,
T2,2008,RNI,14,4New Zealand Superannuation and war pensions,4821,,10.7,0,,
T2,2008,RNI,15,5Other government benefits,4332,,16.7,0,,
T2,2008,RNI,16,6Other regular sources,2245,**,55.5,0,,
T2,2008,RNI,17,7Total regular and recurring income,64554,,6.4,52901,,6.2
T2,2008,RNI,18,8Total irregular Income,1755,**,61.4,0,,
T2,2008,RNI,19,9Total income all sources,66310,,6.4,53105,,6.5
T2,2008,RSI,10,0wages and salaries,43025,,11.1,33363,,15.8
T2,2008,RSI,11,1self-employment,9087,*,24.8,0,,
T2,2008,RSI,12,2investments,2913,*,27,0,,
T2,2008,RSI,13,3private superannuation,1062,**,60.3,0,,
T2,2008,RSI,14,4New Zealand Superannuation and war pensions,4994,,17.9,0,,
T2,2008,RSI,15,5Other government benefits,2963,,20.7,0,,
T2,2008,RSI,16,6Other regular sources,1959,*,41.7,0,,
T2,2008,RSI,17,7Total regular and recurring income,66003,,7,55359,,6.7
T2,2008,RSI,18,8Total irregular Income,2485,**,63.6,0,,
T2,2008,RSI,19,9Total income all sources,68488,,6.4,57222,,6
T2,2008,TNZ,10,0wages and salaries,48981,,3.9,39871,,5.7
T2,2008,TNZ,11,1self-employment,9847,,15.8,0,,
T2,2008,TNZ,12,2investments,4580,,17.5,0,,
T2,2008,TNZ,13,3private superannuation,830,*,39,0,,
T2,2008,TNZ,14,4New Zealand Superannuation and war pensions,4271,,3,0,,
T2,2008,TNZ,15,5Other government benefits,3690,,8.7,0,,
T2,2008,TNZ,16,6Other regular sources,2682,*,25.2,0,,
T2,2008,TNZ,17,7Total regular and recurring income,74882,,3.7,59233,,3.3
T2,2008,TNZ,18,8Total irregular Income,2091,*,33.5,0,,
T2,2008,TNZ,19,9Total income all sources,76973,,3.8,59920,,3.6
T2,2008,WEL,10,0wages and salaries,64402,,9.2,51701,,14.9
T2,2008,WEL,11,1self-employment,10224,*,38.3,0,,
T2,2008,WEL,12,2investments,5285,*,33.3,0,,
T2,2008,WEL,13,3private superannuation,1358,**,60.4,0,,
T2,2008,WEL,14,4New Zealand Superannuation and war pensions,3751,,20.6,0,,
T2,2008,WEL,15,5Other government benefits,2476,*,24.7,0,,
T2,2008,WEL,16,6Other regular sources,2978,**,63.3,0,,
T2,2008,WEL,17,7Total regular and recurring income,90475,,7.5,73457,,10.3
T2,2008,WEL,18,8Total irregular Income,3931,**,55,0,,
T2,2008,WEL,19,9Total income all sources,94406,,8,75216,,10.3
T1,2009,AUK,10,0wages and salaries,79004,,7.6,64566,,9.9
T1,2009,AUK,11,1self-employment,65191,*,24.8,40000,,18
T1,2009,AUK,12,2investments,10930,*,38.1,1200,**,50.5
T1,2009,AUK,13,3private superannuation,17373,*,43.2,13175,*,30.8
T1,2009,AUK,14,4New Zealand Superannuation and war pensions,19847,,5.3,18084,,1.6
T1,2009,AUK,15,5Other government benefits,12588,,17,9360,*,27.9
T1,2009,AUK,16,6Other regular sources,16996,*,39.8,4000,*,39.6
T1,2009,AUK,17,7Total regular and recurring income,89193,,7.7,70366,,8.4
T1,2009,AUK,18,8Total irregular Income,48956,**,85.4,5129,***,116.6
T1,2009,AUK,19,9Total income all sources,91825,,8.3,70263,,8.4
T1,2009,CAN,10,0wages and salaries,69616,,7.1,62446,,8.8
T1,2009,CAN,11,1self-employment,49028,*,34.4,38000,*,49.1
T1,2009,CAN,12,2investments,12267,**,95.3,2160,**,57.2
T1,2009,CAN,13,3private superannuation,15609,*,39.9,13035,*,36.1
T1,2009,CAN,14,4New Zealand Superannuation and war pensions,19619,,6.9,18192,,3.7
T1,2009,CAN,15,5Other government benefits,10467,,16.8,7643,*,33.4
T1,2009,CAN,16,6Other regular sources,24423,**,95.9,2630,**,63.2
T1,2009,CAN,17,7Total regular and recurring income,76659,,9.4,65017,,8.1
T1,2009,CAN,18,8Total irregular Income,16889,**,54.6,5260,**,57.4
T1,2009,CAN,19,9Total income all sources,77979,,9.4,65663,,7.4
T1,2009,RNI,10,0wages and salaries,61165,,6.8,53187,,10
T1,2009,RNI,11,1self-employment,53323,*,32.9,38000,*,25.6
T1,2009,RNI,12,2investments,8405,*,23.7,1841,*,43.4
T1,2009,RNI,13,3private superannuation,17747,*,34.8,15412,*,36.6
T1,2009,RNI,14,4New Zealand Superannuation and war pensions,19622,,5.6,18179,,3.2
T1,2009,RNI,15,5Other government benefits,10323,,11.5,7800,,16.7
T1,2009,RNI,16,6Other regular sources,11284,*,36.7,2993,*,31.7
T1,2009,RNI,17,7Total regular and recurring income,68556,,6.1,56642,,7.6
T1,2009,RNI,18,8Total irregular Income,9615,**,55.2,2630,*,48.9
T1,2009,RNI,19,9Total income all sources,69438,,6.1,58378,,8.2
T1,2009,RSI,10,0wages and salaries,62118,,8.3,55205,,10.7
T1,2009,RSI,11,1self-employment,41431,**,53.8,25446,*,41.3
T1,2009,RSI,12,2investments,9369,*,49.4,2648,**,56.4
T1,2009,RSI,13,3private superannuation,16692,*,38,10712,*,48.1
T1,2009,RSI,14,4New Zealand Superannuation and war pensions,20458,,7.7,18836,,3.3
T1,2009,RSI,15,5Other government benefits,9104,,20,6077,*,36.7
T1,2009,RSI,16,6Other regular sources,11820,**,74.7,3479,*,39.5
T1,2009,RSI,17,7Total regular and recurring income,69315,,10.6,60000,,7.3
T1,2009,RSI,18,8Total irregular Income,18612,*,48.3,6575,**,97.4
T1,2009,RSI,19,9Total income all sources,70970,,10.8,60502,,7.8
T1,2009,TNZ,10,0wages and salaries,70426,,3.9,60000,,4.7
T1,2009,TNZ,11,1self-employment,58303,,14.8,39107,,11.7
T1,2009,TNZ,12,2investments,10094,,20.1,1854,*,23.8
T1,2009,TNZ,13,3private superannuation,17882,,16.8,14465,,10.1
T1,2009,TNZ,14,4New Zealand Superannuation and war pensions,19764,,2.5,18179,,0.6
T1,2009,TNZ,15,5Other government benefits,10831,,8.1,8002,,13.2
T1,2009,TNZ,16,6Other regular sources,14354,*,28.9,3025,,20.4
T1,2009,TNZ,17,7Total regular and recurring income,78643,,3.7,63187,,3.9
T1,2009,TNZ,18,8Total irregular Income,22246,*,46.9,4000,*,33.7
T1,2009,TNZ,19,9Total income all sources,80430,,4,64156,,4.1
T1,2009,WEL,10,0wages and salaries,82281,,10.7,71000,,17
T1,2009,WEL,11,1self-employment,81075,*,30.3,32589,*,35.5
T1,2009,WEL,12,2investments,10984,*,30.8,2620,*,28.8
T1,2009,WEL,13,3private superannuation,22005,*,21.9,19248,*,23.8
T1,2009,WEL,14,4New Zealand Superannuation and war pensions,19411,,7.4,18162,,1.9
T1,2009,WEL,15,5Other government benefits,9954,,14.4,7326,*,23.2
T1,2009,WEL,16,6Other regular sources,10505,**,56.2,2000,**,50.4
T1,2009,WEL,17,7Total regular and recurring income,92125,,9.1,73027,,12.7
T1,2009,WEL,18,8Total irregular Income,23124,*,42.4,9205,**,55.2
T1,2009,WEL,19,9Total income all sources,94938,,8.8,75946,,12.3
T2,2009,AUK,10,0wages and salaries,57522,,8.7,45000,,12.3
T2,2009,AUK,11,1self-employment,12952,*,29.3,0,,
T2,2009,AUK,12,2investments,5291,*,37.7,0,,
T2,2009,AUK,13,3private superannuation,522,**,68.4,0,,
T2,2009,AUK,14,4New Zealand Superannuation and war pensions,4099,,15.3,0,,
T2,2009,AUK,15,5Other government benefits,4385,,16.8,0,,
T2,2009,AUK,16,6Other regular sources,3763,*,43,0,,
T2,2009,AUK,17,7Total regular and recurring income,88534,,7.7,70000,,8.9
T2,2009,AUK,18,8Total irregular Income,2819,**,97.7,0,,
T2,2009,AUK,19,9Total income all sources,91353,,8.4,70000,,9
T2,2009,CAN,10,0wages and salaries,50971,,9,41313,,16.5
T2,2009,CAN,11,1self-employment,6982,*,40,0,,
T2,2009,CAN,12,2investments,5731,**,94.9,0,,
T2,2009,CAN,13,3private superannuation,618,**,52.7,0,,
T2,2009,CAN,14,4New Zealand Superannuation and war pensions,4498,,20.6,0,,
T2,2009,CAN,15,5Other government benefits,3405,,20.9,0,,
T2,2009,CAN,16,6Other regular sources,4113,**,96.7,0,,
T2,2009,CAN,17,7Total regular and recurring income,76318,,9.5,64693,,7.8
T2,2009,CAN,18,8Total irregular Income,1314,**,59.1,0,,
T2,2009,CAN,19,9Total income all sources,77632,,9.4,65323,,7.5
T2,2009,RNI,10,0wages and salaries,42181,,9,34611,,13
T2,2009,RNI,11,1self-employment,9931,*,32.7,0,,
T2,2009,RNI,12,2investments,3999,*,23.1,0,,
T2,2009,RNI,13,3private superannuation,702,**,51.5,0,,
T2,2009,RNI,14,4New Zealand Superannuation and war pensions,4932,,10.9,0,,
T2,2009,RNI,15,5Other government benefits,4061,,13.5,0,,
T2,2009,RNI,16,6Other regular sources,2516,*,38.2,0,,
T2,2009,RNI,17,7Total regular and recurring income,68322,,6,56560,,7.6
T2,2009,RNI,18,8Total irregular Income,879,**,59.8,0,,
T2,2009,RNI,19,9Total income all sources,69201,,6,58357,,8.2
T2,2009,RSI,10,0wages and salaries,43977,,11.3,34266,,17.7
T2,2009,RSI,11,1self-employment,8234,*,49.4,0,,
T2,2009,RSI,12,2investments,4777,**,51.8,30,***,2543.2
T2,2009,RSI,13,3private superannuation,830,**,52.9,0,,
T2,2009,RSI,14,4New Zealand Superannuation and war pensions,5041,,18,0,,
T2,2009,RSI,15,5Other government benefits,3326,*,25.1,0,,
T2,2009,RSI,16,6Other regular sources,3061,**,76.1,0,,
T2,2009,RSI,17,7Total regular and recurring income,69247,,10.6,60000,,7.3
T2,2009,RSI,18,8Total irregular Income,1653,**,53.7,0,,
T2,2009,RSI,19,9Total income all sources,70900,,10.8,60502,,7.7
T2,2009,TNZ,10,0wages and salaries,50332,,4.3,39000,,7
T2,2009,TNZ,11,1self-employment,10771,,16.9,0,,
T2,2009,TNZ,12,2investments,4854,,20.7,0,,
T2,2009,TNZ,13,3private superannuation,708,*,26.2,0,,
T2,2009,TNZ,14,4New Zealand Superannuation and war pensions,4561,,3,0,,
T2,2009,TNZ,15,5Other government benefits,3849,,9.5,0,,
T2,2009,TNZ,16,6Other regular sources,3178,*,29.5,0,,
T2,2009,TNZ,17,7Total regular and recurring income,78254,,3.8,62899,,3.9
T2,2009,TNZ,18,8Total irregular Income,1832,*,47.3,0,,
T2,2009,TNZ,19,9Total income all sources,80086,,4.1,63740,,4.1
T2,2009,WEL,10,0wages and salaries,60704,,12.9,46712,,17
T2,2009,WEL,11,1self-employment,14598,*,37.3,0,,
T2,2009,WEL,12,2investments,5201,*,32.3,0,,
T2,2009,WEL,13,3private superannuation,1202,*,45.1,0,,
T2,2009,WEL,14,4New Zealand Superannuation and war pensions,4294,,20.1,0,,
T2,2009,WEL,15,5Other government benefits,2883,*,25.8,0,,
T2,2009,WEL,16,6Other regular sources,2541,**,60,0,,
T2,2009,WEL,17,7Total regular and recurring income,91424,,9.1,71961,,12.8
T2,2009,WEL,18,8Total irregular Income,2792,*,41.3,0,,
T2,2009,WEL,19,9Total income all sources,94216,,8.8,75482,,12.5
T1,2010,AUK,10,0wages and salaries,80525,,10.4,70000,,9.1
T1,2010,AUK,11,1self-employment,56347,*,27.3,41714,*,24.4
T1,2010,AUK,12,2investments,8365,*,29.5,955,*,47
T1,2010,AUK,13,3private superannuation,29507,**,81.4,14531,,18.9
T1,2010,AUK,14,4New Zealand Superannuation and war pensions,20485,,6.7,18908,,5.3
T1,2010,AUK,15,5Other government benefits,14719,,15.3,12063,*,26.6
T1,2010,AUK,16,6Other regular sources,15789,*,31.3,3945,*,47.9
T1,2010,AUK,17,7Total regular and recurring income,85387,,8.9,70058,,9.3
T1,2010,AUK,18,8Total irregular Income,39362,**,80.3,5523,**,68.9
T1,2010,AUK,19,9Total income all sources,87524,,9.1,72289,,8.9
T1,2010,CAN,10,0wages and salaries,68974,,9.6,63354,,16.3
T1,2010,CAN,11,1self-employment,65354,**,58.7,33000,*,39.6
T1,2010,CAN,12,2investments,10968,*,47.8,1094,*,49.6
T1,2010,CAN,13,3private superannuation,22762,*,40.5,18944,*,40.1
T1,2010,CAN,14,4New Zealand Superannuation and war pensions,20721,,7.1,18954,,2.9
T1,2010,CAN,15,5Other government benefits,9584,,15.4,6398,*,21.1
T1,2010,CAN,16,6Other regular sources,12395,*,38.8,2499,**,94.3
T1,2010,CAN,17,7Total regular and recurring income,78075,,11,66152,,13.4
T1,2010,CAN,18,8Total irregular Income,20495,*,45.2,7500,*,37.8
T1,2010,CAN,19,9Total income all sources,80321,,10.6,67193,,13.7
T1,2010,RNI,10,0wages and salaries,62931,,8.6,55105,,11.3
T1,2010,RNI,11,1self-employment,36855,*,28,30000,,20.6
T1,2010,RNI,12,2investments,7881,*,25.9,1800,,20.5
T1,2010,RNI,13,3private superannuation,18635,**,54,11421,*,22.4
T1,2010,RNI,14,4New Zealand Superannuation and war pensions,21242,,4.6,19006,,3.5
T1,2010,RNI,15,5Other government benefits,12329,,12.3,8818,,16
T1,2010,RNI,16,6Other regular sources,8431,*,42.6,2232,*,34.7
T1,2010,RNI,17,7Total regular and recurring income,66186,,5.5,57822,,5.7
T1,2010,RNI,18,8Total irregular Income,22769,**,70.5,2000,**,59.4
T1,2010,RNI,19,9Total income all sources,68520,,5.9,58395,,6
T1,2010,RSI,10,0wages and salaries,67253,,12.5,58604,,12
T1,2010,RSI,11,1self-employment,25935,**,65.3,20000,**,50.1
T1,2010,RSI,12,2investments,9745,*,45.5,1456,**,52
T1,2010,RSI,13,3private superannuation,18553,*,35.9,16302,*,28.5
T1,2010,RSI,14,4New Zealand Superannuation and war pensions,19560,,8.4,18752,,5.1
T1,2010,RSI,15,5Other government benefits,10213,,16.3,8133,*,38.6
T1,2010,RSI,16,6Other regular sources,14414,*,49.7,2000,**,56.7
T1,2010,RSI,17,7Total regular and recurring income,70487,,10.5,58670,,9.8
T1,2010,RSI,18,8Total irregular Income,14721,**,64.2,2762,***,121.2
T1,2010,RSI,19,9Total income all sources,71916,,10.2,60199,,9.9
T1,2010,TNZ,10,0wages and salaries,72715,,4.7,63902,,4.9
T1,2010,TNZ,11,1self-employment,47394,,17.3,31286,,16.3
T1,2010,TNZ,12,2investments,8845,,16,1315,,20.5
T1,2010,TNZ,13,3private superannuation,20886,*,24.5,13885,,11.1
T1,2010,TNZ,14,4New Zealand Superannuation and war pensions,20685,,2.8,18954,,1.2
T1,2010,TNZ,15,5Other government benefits,12308,,7.4,8975,,15.7
T1,2010,TNZ,16,6Other regular sources,12597,*,23.9,2337,*,21.9
T1,2010,TNZ,17,7Total regular and recurring income,77158,,3.7,63781,,4.3
T1,2010,TNZ,18,8Total irregular Income,25279,*,39.2,3500,*,37.7
T1,2010,TNZ,19,9Total income all sources,79488,,3.6,65242,,3.9
T1,2010,WEL,10,0wages and salaries,88859,,9.8,80000,,9
T1,2010,WEL,11,1self-employment,54000,,19.5,43253,*,38.8
T1,2010,WEL,12,2investments,9468,*,32.5,1300,**,59.2
T1,2010,WEL,13,3private superannuation,20129,*,38.6,16140,*,38.7
T1,2010,WEL,14,4New Zealand Superannuation and war pensions,20435,,7.8,18954,,3.1
T1,2010,WEL,15,5Other government benefits,10134,,19.7,6400,*,38.6
T1,2010,WEL,16,6Other regular sources,16111,**,81.9,2300,**,66.1
T1,2010,WEL,17,7Total regular and recurring income,93267,,9.9,78583,,12.5
T1,2010,WEL,18,8Total irregular Income,28332,**,99.2,2800,**,87.1
T1,2010,WEL,19,9Total income all sources,97139,,9.9,80137,,11.2
T2,2010,AUK,10,0wages and salaries,58605,,12.8,47000,,12.6
T2,2010,AUK,11,1self-employment,10311,*,31.1,0,,
T2,2010,AUK,12,2investments,3793,*,27.7,0,,
T2,2010,AUK,13,3private superannuation,432,**,91.7,0,,
T2,2010,AUK,14,4New Zealand Superannuation and war pensions,3049,*,21.3,0,,
T2,2010,AUK,15,5Other government benefits,5691,,20.3,0,,
T2,2010,AUK,16,6Other regular sources,3012,*,38.5,0,,
T2,2010,AUK,17,7Total regular and recurring income,84892,,9,69859,,9.1
T2,2010,AUK,18,8Total irregular Income,2124,**,88.1,0,,
T2,2010,AUK,19,9Total income all sources,87016,,9.1,71865,,9.2
T2,2010,CAN,10,0wages and salaries,51699,,12.9,43000,,20.6
T2,2010,CAN,11,1self-employment,8734,**,64.8,0,,
T2,2010,CAN,12,2investments,4929,*,45.5,0,,
T2,2010,CAN,13,3private superannuation,861,**,77,0,,
T2,2010,CAN,14,4New Zealand Superannuation and war pensions,5695,,16.1,0,,
T2,2010,CAN,15,5Other government benefits,3176,*,22.4,0,,
T2,2010,CAN,16,6Other regular sources,2895,*,42.2,0,,
T2,2010,CAN,17,7Total regular and recurring income,77990,,10.9,66152,,13.4
T2,2010,CAN,18,8Total irregular Income,2244,*,49.4,0,,
T2,2010,CAN,19,9Total income all sources,80234,,10.6,67193,,13.7
T2,2010,RNI,10,0wages and salaries,42862,,10.7,33371,,19.6
T2,2010,RNI,11,1self-employment,6179,*,37.7,0,,
T2,2010,RNI,12,2investments,3675,*,27.9,0,,
T2,2010,RNI,13,3private superannuation,818,**,79.1,0,,
T2,2010,RNI,14,4New Zealand Superannuation and war pensions,5579,,13,0,,
T2,2010,RNI,15,5Other government benefits,4939,,17.9,0,,
T2,2010,RNI,16,6Other regular sources,2050,*,45.9,0,,
T2,2010,RNI,17,7Total regular and recurring income,66102,,5.5,57758,,6.2
T2,2010,RNI,18,8Total irregular Income,2331,**,77.6,0,,
T2,2010,RNI,19,9Total income all sources,68433,,5.9,58321,,5.9
T2,2010,RSI,10,0wages and salaries,48702,,15.5,38000,*,26
T2,2010,RSI,11,1self-employment,3892,**,67.9,0,,
T2,2010,RSI,12,2investments,4667,*,47.9,0,,
T2,2010,RSI,13,3private superannuation,716,**,57.6,0,,
T2,2010,RSI,14,4New Zealand Superannuation and war pensions,5034,,19,0,,
T2,2010,RSI,15,5Other government benefits,3622,*,23.3,0,,
T2,2010,RSI,16,6Other regular sources,3853,**,58.2,0,,
T2,2010,RSI,17,7Total regular and recurring income,70487,,10.5,58670,,9.8
T2,2010,RSI,18,8Total irregular Income,1429,**,73.2,0,,
T2,2010,RSI,19,9Total income all sources,71916,,10.2,60199,,9.9
T2,2010,TNZ,10,0wages and salaries,52010,,5,41200,,8.3
T2,2010,TNZ,11,1self-employment,7943,,19.4,0,,
T2,2010,TNZ,12,2investments,4093,,16.4,0,,
T2,2010,TNZ,13,3private superannuation,723,*,37.7,0,,
T2,2010,TNZ,14,4New Zealand Superannuation and war pensions,4702,,3.4,0,,
T2,2010,TNZ,15,5Other government benefits,4557,,10,0,,
T2,2010,TNZ,16,6Other regular sources,2901,*,25.9,0,,
T2,2010,TNZ,17,7Total regular and recurring income,76928,,3.7,63603,,4.4
T2,2010,TNZ,18,8Total irregular Income,2323,*,40.9,0,,
T2,2010,TNZ,19,9Total income all sources,79251,,3.7,65090,,3.9
T2,2010,WEL,10,0wages and salaries,64979,,10.4,54018,,19
T2,2010,WEL,11,1self-employment,10011,*,31,0,,
T2,2010,WEL,12,2investments,4518,*,35.7,0,,
T2,2010,WEL,13,3private superannuation,1059,**,53.2,0,,
T2,2010,WEL,14,4New Zealand Superannuation and war pensions,4997,,18,0,,
T2,2010,WEL,15,5Other government benefits,3048,*,23.5,0,,
T2,2010,WEL,16,6Other regular sources,4116,**,83.2,0,,
T2,2010,WEL,17,7Total regular and recurring income,92728,,9.9,78000,,12.2
T2,2010,WEL,18,8Total irregular Income,3849,***,101.3,0,,
T2,2010,WEL,19,9Total income all sources,96578,,9.9,80000,,12.1
T1,2011,AUK,10,0wages and salaries,80300,,8,68000,,10.8
T1,2011,AUK,11,1self-employment,64762,*,27,46000,*,28.3
T1,2011,AUK,12,2investments,12486,*,45.6,935,*,38.3
T1,2011,AUK,13,3private superannuation,13923,*,25.6,11627,*,29.4
T1,2011,AUK,14,4New Zealand Superannuation and war pensions,21353,,8.4,19425,,2.4
T1,2011,AUK,15,5Other government benefits,12904,,13.4,9020,*,28.8
T1,2011,AUK,16,6Other regular sources,17274,*,44.9,4000,**,51.2
T1,2011,AUK,17,7Total regular and recurring income,92133,,9.8,74079,,8.5
T1,2011,AUK,18,8Total irregular Income,14837,***,114.5,3000,**,77.8
T1,2011,AUK,19,9Total income all sources,92759,,10,74100,,8.4
T1,2011,CAN,10,0wages and salaries,67317,,8.6,59569,,9.5
T1,2011,CAN,11,1self-employment,37121,*,46.5,19273,*,29.7
T1,2011,CAN,12,2investments,11035,*,44.7,1200,**,88
T1,2011,CAN,13,3private superannuation,31493,**,57.4,29101,**,61.3
T1,2011,CAN,14,4New Zealand Superannuation and war pensions,21629,,7,20027,,6.8
T1,2011,CAN,15,5Other government benefits,11071,,13.9,7696,*,22.6
T1,2011,CAN,16,6Other regular sources,9890,*,45.6,2101,**,70.3
T1,2011,CAN,17,7Total regular and recurring income,72885,,8.7,58916,,9.9
T1,2011,CAN,18,8Total irregular Income,22755,**,55.8,5260,*,29.1
T1,2011,CAN,19,9Total income all sources,75118,,8.7,59647,,10.4
T1,2011,RNI,10,0wages and salaries,64916,,10.9,52836,,7.6
T1,2011,RNI,11,1self-employment,38098,*,37.4,36476,,19.9
T1,2011,RNI,12,2investments,9467,*,33.2,1578,*,38.2
T1,2011,RNI,13,3private superannuation,18651,*,47.8,12805,*,41.7
T1,2011,RNI,14,4New Zealand Superannuation and war pensions,21605,,4.4,20002,,2.5
T1,2011,RNI,15,5Other government benefits,12578,,11.7,9256,,16.5
T1,2011,RNI,16,6Other regular sources,13781,**,73.9,2000,*,32
T1,2011,RNI,17,7Total regular and recurring income,68566,,11.3,53342,,7.8
T1,2011,RNI,18,8Total irregular Income,34272,***,113,3945,**,64
T1,2011,RNI,19,9Total income all sources,70651,,11.5,53729,,8.3
T1,2011,RSI,10,0wages and salaries,68001,,8,61683,,8.4
T1,2011,RSI,11,1self-employment,43189,*,27.9,44325,*,37.9
T1,2011,RSI,12,2investments,7540,*,42.5,1000,*,44.1
T1,2011,RSI,13,3private superannuation,18852,*,38.9,14604,**,57.8
T1,2011,RSI,14,4New Zealand Superannuation and war pensions,22522,,8,20002,,4.8
T1,2011,RSI,15,5Other government benefits,10815,,17.4,7342,*,34.2
T1,2011,RSI,16,6Other regular sources,10201,*,31,3288,**,53.8
T1,2011,RSI,17,7Total regular and recurring income,70889,,7.3,61833,,11
T1,2011,RSI,18,8Total irregular Income,91215,**,82.1,13150,**,75.2
T1,2011,RSI,19,9Total income all sources,79711,,11.2,63490,,10.1
T1,2011,TNZ,10,0wages and salaries,73505,,4,60857,,4.5
T1,2011,TNZ,11,1self-employment,50874,,16.5,35720,,14.4
T1,2011,TNZ,12,2investments,10284,*,22.1,1300,,20.7
T1,2011,TNZ,13,3private superannuation,22100,,19.4,16309,,17
T1,2011,TNZ,14,4New Zealand Superannuation and war pensions,21541,,2.8,19663,,1.2
T1,2011,TNZ,15,5Other government benefits,12119,,5.2,8689,,12.3
T1,2011,TNZ,16,6Other regular sources,13033,*,30.9,2630,*,22.6
T1,2011,TNZ,17,7Total regular and recurring income,79958,,4.3,63250,,4.4
T1,2011,TNZ,18,8Total irregular Income,34059,*,49.2,5000,*,22.5
T1,2011,TNZ,19,9Total income all sources,82383,,4.6,64136,,4.4
T1,2011,WEL,10,0wages and salaries,89620,,8.5,69560,,11.6
T1,2011,WEL,11,1self-employment,72085,*,39.8,44000,*,21.4
T1,2011,WEL,12,2investments,8858,*,43.3,1973,*,44.1
T1,2011,WEL,13,3private superannuation,28079,*,26.7,19425,*,26.4
T1,2011,WEL,14,4New Zealand Superannuation and war pensions,20454,,7.7,19425,,3.1
T1,2011,WEL,15,5Other government benefits,10834,,14.8,7149,*,27.3
T1,2011,WEL,16,6Other regular sources,9879,*,33,2618,*,34.1
T1,2011,WEL,17,7Total regular and recurring income,98586,,9.3,78850,,11.5
T1,2011,WEL,18,8Total irregular Income,15263,**,62.8,3288,*,25.6
T1,2011,WEL,19,9Total income all sources,100424,,9.3,80918,,11.5
T2,2011,AUK,10,0wages and salaries,61050,,9.3,50000,,13.3
T2,2011,AUK,11,1self-employment,12697,*,36.3,0,,
T2,2011,AUK,12,2investments,5486,*,48.4,0,,
T2,2011,AUK,13,3private superannuation,287,**,60.7,0,,
T2,2011,AUK,14,4New Zealand Superannuation and war pensions,4229,,14.7,0,,
T2,2011,AUK,15,5Other government benefits,5223,,15.8,0,,
T2,2011,AUK,16,6Other regular sources,2953,**,51.6,0,,
T2,2011,AUK,17,7Total regular and recurring income,91925,,9.8,74079,,8.5
T2,2011,AUK,18,8Total irregular Income,625,***,118.4,0,,
T2,2011,AUK,19,9Total income all sources,92550,,10.1,74079,,8.5
T2,2011,CAN,10,0wages and salaries,48818,,10.8,41209,,20.3
T2,2011,CAN,11,1self-employment,7134,**,52.3,0,,
T2,2011,CAN,12,2investments,4566,*,46.8,0,,
T2,2011,CAN,13,3private superannuation,1210,**,97.5,0,,
T2,2011,CAN,14,4New Zealand Superannuation and war pensions,4290,,19.9,0,,
T2,2011,CAN,15,5Other government benefits,4552,,16.3,0,,
T2,2011,CAN,16,6Other regular sources,1963,*,49.2,0,,
T2,2011,CAN,17,7Total regular and recurring income,72533,,9,58289,,10
T2,2011,CAN,18,8Total irregular Income,2223,**,60.7,0,,
T2,2011,CAN,19,9Total income all sources,74755,,9,59569,,10.4
T2,2011,RNI,10,0wages and salaries,43013,,13.4,28157,,16.4
T2,2011,RNI,11,1self-employment,6751,*,41.7,0,,
T2,2011,RNI,12,2investments,3972,*,32.1,0,,
T2,2011,RNI,13,3private superannuation,642,**,60.1,0,,
T2,2011,RNI,14,4New Zealand Superannuation and war pensions,5931,,9.9,0,,
T2,2011,RNI,15,5Other government benefits,5175,,14.8,0,,
T2,2011,RNI,16,6Other regular sources,2800,**,85.4,0,,
T2,2011,RNI,17,7Total regular and recurring income,68285,,11.2,53117,,7
T2,2011,RNI,18,8Total irregular Income,2077,***,118.9,0,,
T2,2011,RNI,19,9Total income all sources,70361,,11.3,53671,,8.2
T2,2011,RSI,10,0wages and salaries,46484,,9.8,34466,*,21.2
T2,2011,RSI,11,1self-employment,8090,*,32.9,0,,
T2,2011,RSI,12,2investments,3463,*,41.4,0,,
T2,2011,RSI,13,3private superannuation,776,**,65.4,0,,
T2,2011,RSI,14,4New Zealand Superannuation and war pensions,5741,*,21.4,0,,
T2,2011,RSI,15,5Other government benefits,3685,*,24.2,0,,
T2,2011,RSI,16,6Other regular sources,2480,*,37.1,0,,
T2,2011,RSI,17,7Total regular and recurring income,70719,,7.3,61108,,11.3
T2,2011,RSI,18,8Total irregular Income,8801,**,90.2,0,,
T2,2011,RSI,19,9Total income all sources,79520,,11.2,63288,,10.4
T2,2011,TNZ,10,0wages and salaries,52443,,4.2,39100,,8.6
T2,2011,TNZ,11,1self-employment,9538,,20.6,0,,
T2,2011,TNZ,12,2investments,4455,*,22.1,0,,
T2,2011,TNZ,13,3private superannuation,825,*,26.5,0,,
T2,2011,TNZ,14,4New Zealand Superannuation and war pensions,4993,,3.2,0,,
T2,2011,TNZ,15,5Other government benefits,4757,,7.7,0,,
T2,2011,TNZ,16,6Other regular sources,2709,*,33.8,0,,
T2,2011,TNZ,17,7Total regular and recurring income,79720,,4.2,63171,,4.5
T2,2011,TNZ,18,8Total irregular Income,2417,**,53.9,0,,
T2,2011,TNZ,19,9Total income all sources,82137,,4.5,63674,,4.5
T2,2011,WEL,10,0wages and salaries,67639,,9.5,52769,,16.4
T2,2011,WEL,11,1self-employment,13650,*,47,0,,
T2,2011,WEL,12,2investments,4011,*,43.7,0,,
T2,2011,WEL,13,3private superannuation,2388,*,42.2,0,,
T2,2011,WEL,14,4New Zealand Superannuation and war pensions,4347,,18.9,0,,
T2,2011,WEL,15,5Other government benefits,3638,,17.5,0,,
T2,2011,WEL,16,6Other regular sources,2913,*,39.1,0,,
T2,2011,WEL,17,7Total regular and recurring income,98586,,9.3,78850,,11.5
T2,2011,WEL,18,8Total irregular Income,1838,**,69.6,0,,
T2,2011,WEL,19,9Total income all sources,100424,,9.3,80918,,11.5
T1,2012,AUK,10,0wages and salaries,90142,,7.3,76954,,8.5
T1,2012,AUK,11,1self-employment,59084,*,28,40000,,16.8
T1,2012,AUK,12,2investments,8152,*,26,1272,*,29.7
T1,2012,AUK,13,3private superannuation,14918,*,43.3,12720,,15.4
T1,2012,AUK,14,4New Zealand Superannuation and war pensions,21421,,6.8,20027,,3.8
T1,2012,AUK,15,5Other government benefits,14568,,12.1,12000,,20.5
T1,2012,AUK,16,6Other regular sources,16709,*,33.2,5720,**,55.1
T1,2012,AUK,17,7Total regular and recurring income,94638,,7.3,78221,,9.2
T1,2012,AUK,18,8Total irregular Income,17563,**,56.7,5000,**,66.1
T1,2012,AUK,19,9Total income all sources,95533,,7.3,78550,,9.4
T1,2012,CAN,10,0wages and salaries,77467,,6.1,68829,,9.9
T1,2012,CAN,11,1self-employment,47001,*,25.3,31286,*,41.5
T1,2012,CAN,12,2investments,10311,**,54.9,1463,*,43.8
T1,2012,CAN,13,3private superannuation,10539,*,40.5,7933,**,61.9
T1,2012,CAN,14,4New Zealand Superannuation and war pensions,22103,,7.8,20235,,4.1
T1,2012,CAN,15,5Other government benefits,9562,,14.1,6474,,20.8
T1,2012,CAN,16,6Other regular sources,12294,*,39.4,3121,*,46.7
T1,2012,CAN,17,7Total regular and recurring income,83564,,7.7,71235,,10.2
T1,2012,CAN,18,8Total irregular Income,31825,**,80.1,5000,**,94.9
T1,2012,CAN,19,9Total income all sources,86838,,7.9,72440,,11.5
T1,2012,RNI,10,0wages and salaries,66689,,7,59317,,7.6
T1,2012,RNI,11,1self-employment,40512,*,41.2,25550,*,30.6
T1,2012,RNI,12,2investments,7319,*,34.4,1000,*,35.9
T1,2012,RNI,13,3private superannuation,20729,**,74.6,11648,*,42.9
T1,2012,RNI,14,4New Zealand Superannuation and war pensions,22715,,4.3,20557,,3.5
T1,2012,RNI,15,5Other government benefits,12027,,11.9,8919,,16
T1,2012,RNI,16,6Other regular sources,8826,*,32.4,1908,*,32.3
T1,2012,RNI,17,7Total regular and recurring income,67463,,5.8,56770,,6.5
T1,2012,RNI,18,8Total irregular Income,31982,**,65.2,5000,**,69
T1,2012,RNI,19,9Total income all sources,69790,,6.3,58293,,6.4
T1,2012,RSI,10,0wages and salaries,68235,,9.5,60497,,12.8
T1,2012,RSI,11,1self-employment,37645,**,99.2,33140,*,43.6
T1,2012,RSI,12,2investments,8688,**,52,1691,*,47.2
T1,2012,RSI,13,3private superannuation,36434,**,98.8,18222,*,25.9
T1,2012,RSI,14,4New Zealand Superannuation and war pensions,23325,,8.1,21504,,14.4
T1,2012,RSI,15,5Other government benefits,10599,,13.8,7667,*,24.4
T1,2012,RSI,16,6Other regular sources,11067,**,55.5,2000,**,54
T1,2012,RSI,17,7Total regular and recurring income,71660,,12.7,61003,,13
T1,2012,RSI,18,8Total irregular Income,22900,**,73.7,5500,**,59.1
T1,2012,RSI,19,9Total income all sources,73813,,13,62165,,14.1
T1,2012,TNZ,10,0wages and salaries,77930,,3.5,68156,,4.4
T1,2012,TNZ,11,1self-employment,51053,,17.2,35000,,13.2
T1,2012,TNZ,12,2investments,8200,,16,1272,,17.6
T1,2012,TNZ,13,3private superannuation,20368,*,31.2,12720,,14.7
T1,2012,TNZ,14,4New Zealand Superannuation and war pensions,22354,,2.8,20235,,0.7
T1,2012,TNZ,15,5Other government benefits,12167,,6.8,9256,,8.5
T1,2012,TNZ,16,6Other regular sources,11972,,18.2,2500,,19.7
T1,2012,TNZ,17,7Total regular and recurring income,81325,,3.1,66667,,4.5
T1,2012,TNZ,18,8Total irregular Income,25204,*,31.1,5000,*,30.3
T1,2012,TNZ,19,9Total income all sources,83367,,3.1,68253,,4.2
T1,2012,WEL,10,0wages and salaries,85873,,7.2,77120,,9
T1,2012,WEL,11,1self-employment,70397,*,26.2,48667,*,26.8
T1,2012,WEL,12,2investments,7364,*,32,1743,*,47.5
T1,2012,WEL,13,3private superannuation,18968,*,21.1,16023,,16.2
T1,2012,WEL,14,4New Zealand Superannuation and war pensions,22689,,8.4,20235,,1.4
T1,2012,WEL,15,5Other government benefits,10758,,16.2,8112,,19.9
T1,2012,WEL,16,6Other regular sources,10706,*,30.6,1908,**,54.8
T1,2012,WEL,17,7Total regular and recurring income,94004,,7.1,80000,,8.2
T1,2012,WEL,18,8Total irregular Income,18967,**,50.6,3400,**,63.1
T1,2012,WEL,19,9Total income all sources,96684,,7.2,81030,,8.2
T2,2012,AUK,10,0wages and salaries,65962,,8.3,52093,,13.8
T2,2012,AUK,11,1self-employment,11151,*,32.4,0,,
T2,2012,AUK,12,2investments,3939,*,26.6,0,,
T2,2012,AUK,13,3private superannuation,253,**,70.5,0,,
T2,2012,AUK,14,4New Zealand Superannuation and war pensions,4709,,16.2,0,,
T2,2012,AUK,15,5Other government benefits,5181,,14.1,0,,
T2,2012,AUK,16,6Other regular sources,3008,*,40.9,0,,
T2,2012,AUK,17,7Total regular and recurring income,94202,,7.2,78112,,9.3
T2,2012,AUK,18,8Total irregular Income,981,**,68,0,,
T2,2012,AUK,19,9Total income all sources,95183,,7.2,78407,,9.5
T2,2012,CAN,10,0wages and salaries,59410,,7.6,50848,,16.5
T2,2012,CAN,11,1self-employment,7304,*,41,0,,
T2,2012,CAN,12,2investments,4788,**,55.6,0,,
T2,2012,CAN,13,3private superannuation,307,**,57.7,0,,
T2,2012,CAN,14,4New Zealand Superannuation and war pensions,5093,,15.6,0,,
T2,2012,CAN,15,5Other government benefits,3545,,19,0,,
T2,2012,CAN,16,6Other regular sources,3116,*,49.3,0,,
T2,2012,CAN,17,7Total regular and recurring income,83564,,7.7,71235,,10.2
T2,2012,CAN,18,8Total irregular Income,3274,**,84.6,0,,
T2,2012,CAN,19,9Total income all sources,86838,,7.9,72440,,11.5
T2,2012,RNI,10,0wages and salaries,45106,,8,34813,,14.1
T2,2012,RNI,11,1self-employment,6431,*,48.3,0,,
T2,2012,RNI,12,2investments,2657,*,38.2,0,,
T2,2012,RNI,13,3private superannuation,764,**,75.5,0,,
T2,2012,RNI,14,4New Zealand Superannuation and war pensions,5909,,12,0,,
T2,2012,RNI,15,5Other government benefits,4830,,14.1,0,,
T2,2012,RNI,16,6Other regular sources,1709,*,34.5,0,,
T2,2012,RNI,17,7Total regular and recurring income,67406,,5.8,56770,,6.6
T2,2012,RNI,18,8Total irregular Income,2325,**,75.5,0,,
T2,2012,RNI,19,9Total income all sources,69731,,6.3,58293,,6.5
T2,2012,RSI,10,0wages and salaries,47410,,11,38429,,19.5
T2,2012,RSI,11,1self-employment,6426,***,104.6,0,,
T2,2012,RSI,12,2investments,4266,**,53.4,0,,
T2,2012,RSI,13,3private superannuation,1387,***,108.7,0,,
T2,2012,RSI,14,4New Zealand Superannuation and war pensions,6163,,19.2,0,,
T2,2012,RSI,15,5Other government benefits,3656,,17.5,0,,
T2,2012,RSI,16,6Other regular sources,2307,**,55.5,0,,
T2,2012,RSI,17,7Total regular and recurring income,71615,,12.7,60870,,12.8
T2,2012,RSI,18,8Total irregular Income,2152,**,74.4,0,,
T2,2012,RSI,19,9Total income all sources,73767,,13,62165,,14.1
T2,2012,TNZ,10,0wages and salaries,55627,,3.2,44426,,7.6
T2,2012,TNZ,11,1self-employment,8890,,20.4,0,,
T2,2012,TNZ,12,2investments,3606,,16.5,0,,
T2,2012,TNZ,13,3private superannuation,673,*,34.1,0,,
T2,2012,TNZ,14,4New Zealand Superannuation and war pensions,5370,,3,0,,
T2,2012,TNZ,15,5Other government benefits,4460,,7.3,0,,
T2,2012,TNZ,16,6Other regular sources,2543,,20.6,0,,
T2,2012,TNZ,17,7Total regular and recurring income,81170,,3,66469,,4.5
T2,2012,TNZ,18,8Total irregular Income,2062,*,34.5,0,,
T2,2012,TNZ,19,9Total income all sources,83232,,3.1,68181,,4.3
T2,2012,WEL,10,0wages and salaries,62999,,9.3,54509,,17
T2,2012,WEL,11,1self-employment,14487,*,31.3,0,,
T2,2012,WEL,12,2investments,3444,*,32.9,0,,
T2,2012,WEL,13,3private superannuation,1226,*,45.6,0,,
T2,2012,WEL,14,4New Zealand Superannuation and war pensions,5056,*,21.7,0,,
T2,2012,WEL,15,5Other government benefits,3334,*,21.9,0,,
T2,2012,WEL,16,6Other regular sources,3332,*,37.3,0,,
T2,2012,WEL,17,7Total regular and recurring income,93877,,7.1,80000,,8.2
T2,2012,WEL,18,8Total irregular Income,2677,**,53.7,0,,
T2,2012,WEL,19,9Total income all sources,96554,,7.3,80728,,8.1
T1,2013,AUK,10,0wages and salaries,92799,,10.2,72100,,9
T1,2013,AUK,11,1self-employment,56170,*,24.1,36678,*,41.8
T1,2013,AUK,12,2investments,9924,*,38.6,900,**,58.5
T1,2013,AUK,13,3private superannuation,18594,*,32.4,16237,*,36.2
T1,2013,AUK,14,4New Zealand Superannuation and war pensions,21824,,5.7,20554,,5.3
T1,2013,AUK,15,5Other government benefits,15826,,13.6,12314,,16.1
T1,2013,AUK,16,6Other regular sources,12089,*,49,4068,**,51.1
T1,2013,AUK,17,7Total regular and recurring income,97100,,8.7,77344,,8.2
T1,2013,AUK,18,8Total irregular Income,23979,**,59.2,8118,***,183
T1,2013,AUK,19,9Total income all sources,98049,,8.8,77489,,8.1
T1,2013,CAN,10,0wages and salaries,82274,,8.3,72500,,8.5
T1,2013,CAN,11,1self-employment,50460,*,32.1,35000,*,21.9
T1,2013,CAN,12,2investments,9223,*,39,2144,**,62.3
T1,2013,CAN,13,3private superannuation,19276,*,46.4,10877,**,55.1
T1,2013,CAN,14,4New Zealand Superannuation and war pensions,22565,,6.4,20890,,1.9
T1,2013,CAN,15,5Other government benefits,9585,,19.8,6195,,14.8
T1,2013,CAN,16,6Other regular sources,13233,**,92.7,2300,**,95.5
T1,2013,CAN,17,7Total regular and recurring income,85461,,9.1,68626,,10.4
T1,2013,CAN,18,8Total irregular Income,32513,**,62.9,6245,***,393.6
T1,2013,CAN,19,9Total income all sources,88525,,9.1,69250,,7.9
T1,2013,RNI,10,0wages and salaries,68415,,7.7,60000,,8.5
T1,2013,RNI,11,1self-employment,41674,*,35.6,26071,*,27.1
T1,2013,RNI,12,2investments,8187,*,26.5,1249,*,40.7
T1,2013,RNI,13,3private superannuation,21441,*,41,15808,,20.9
T1,2013,RNI,14,4New Zealand Superannuation and war pensions,22144,,5.3,20563,,1.1
T1,2013,RNI,15,5Other government benefits,12686,,12.4,10750,,14
T1,2013,RNI,16,6Other regular sources,8610,*,42.3,2000,*,38.3
T1,2013,RNI,17,7Total regular and recurring income,72356,,7.5,59754,,6.6
T1,2013,RNI,18,8Total irregular Income,48212,***,136.6,3747,***,101.3
T1,2013,RNI,19,9Total income all sources,75564,,10.2,59884,,6.8
T1,2013,RSI,10,0wages and salaries,68737,,7.6,62571,,11.3
T1,2013,RSI,11,1self-employment,58206,*,49.9,38804,*,31.6
T1,2013,RSI,12,2investments,9678,**,65.7,1400,**,50
T1,2013,RSI,13,3private superannuation,20355,*,34.8,15595,*,29.8
T1,2013,RSI,14,4New Zealand Superannuation and war pensions,22691,,5.5,20804,,4.3
T1,2013,RSI,15,5Other government benefits,10012,,16.3,7213,*,31.1
T1,2013,RSI,16,6Other regular sources,11187,*,41.8,3711,**,63.5
T1,2013,RSI,17,7Total regular and recurring income,76622,,9.8,65400,,8.9
T1,2013,RSI,18,8Total irregular Income,18102,**,51.7,6245,**,57.4
T1,2013,RSI,19,9Total income all sources,78034,,9.9,66109,,9.3
T1,2013,TNZ,10,0wages and salaries,81020,,4.4,68166,,3.9
T1,2013,TNZ,11,1self-employment,54070,,17.8,33893,,13.3
T1,2013,TNZ,12,2investments,9738,,18.5,1225,*,22.2
T1,2013,TNZ,13,3private superannuation,20826,,17.1,15808,,14.1
T1,2013,TNZ,14,4New Zealand Superannuation and war pensions,22310,,2.9,20797,,0.8
T1,2013,TNZ,15,5Other government benefits,12979,,7.6,10346,,11.3
T1,2013,TNZ,16,6Other regular sources,10389,*,23.8,2250,*,21.1
T1,2013,TNZ,17,7Total regular and recurring income,85878,,3.7,68626,,4.4
T1,2013,TNZ,18,8Total irregular Income,33050,**,66.1,4206,*,41.1
T1,2013,TNZ,19,9Total income all sources,88193,,4.2,69279,,4.1
T1,2013,WEL,10,0wages and salaries,94050,,10,79030,,13.1
T1,2013,WEL,11,1self-employment,81359,*,45.7,41714,*,40.9
T1,2013,WEL,12,2investments,14243,**,53.1,1877,**,68.8
T1,2013,WEL,13,3private superannuation,26258,*,32.9,18380,*,33.3
T1,2013,WEL,14,4New Zealand Superannuation and war pensions,23291,,10.7,21062,,4.2
T1,2013,WEL,15,5Other government benefits,12782,,21,9640,*,24.2
T1,2013,WEL,16,6Other regular sources,8818,**,55.3,1499,**,55
T1,2013,WEL,17,7Total regular and recurring income,105890,,10,80033,,13.7
T1,2013,WEL,18,8Total irregular Income,27076,**,77,2498,**,62.5
T1,2013,WEL,19,9Total income all sources,109315,,9.6,81600,,13.5
T2,2013,AUK,10,0wages and salaries,70034,,11.8,54000,,11.2
T2,2013,AUK,11,1self-employment,10124,*,32.4,0,,
T2,2013,AUK,12,2investments,4507,*,37,0,,
T2,2013,AUK,13,3private superannuation,660,**,56.4,0,,
T2,2013,AUK,14,4New Zealand Superannuation and war pensions,4234,,18.8,0,,
T2,2013,AUK,15,5Other government benefits,5320,,18.6,0,,
T2,2013,AUK,16,6Other regular sources,1877,**,55.2,0,,
T2,2013,AUK,17,7Total regular and recurring income,96755,,8.6,76820,,8.4
T2,2013,AUK,18,8Total irregular Income,945,**,72.9,0,,
T2,2013,AUK,19,9Total income all sources,97701,,8.7,77170,,8.1
T2,2013,CAN,10,0wages and salaries,61246,,9.7,54750,,18
T2,2013,CAN,11,1self-employment,7209,*,39.1,0,,
T2,2013,CAN,12,2investments,4046,*,46.2,0,,
T2,2013,CAN,13,3private superannuation,1065,*,49.6,0,,
T2,2013,CAN,14,4New Zealand Superannuation and war pensions,5684,,18.4,0,,
T2,2013,CAN,15,5Other government benefits,3152,*,26.4,0,,
T2,2013,CAN,16,6Other regular sources,2964,**,92.5,0,,
T2,2013,CAN,17,7Total regular and recurring income,85366,,9.1,68626,,10.4
T2,2013,CAN,18,8Total irregular Income,3061,**,52.7,0,,
T2,2013,CAN,19,9Total income all sources,88427,,9.1,69250,,7.9
T2,2013,RNI,10,0wages and salaries,47300,,9,38030,,15.3
T2,2013,RNI,11,1self-employment,7612,*,41.6,0,,
T2,2013,RNI,12,2investments,3306,*,27.8,0,,
T2,2013,RNI,13,3private superannuation,877,**,52.7,0,,
T2,2013,RNI,14,4New Zealand Superannuation and war pensions,6530,,10.9,0,,
T2,2013,RNI,15,5Other government benefits,4787,,16.3,0,,
T2,2013,RNI,16,6Other regular sources,1910,*,47.1,0,,
T2,2013,RNI,17,7Total regular and recurring income,72322,,7.5,59754,,6.6
T2,2013,RNI,18,8Total irregular Income,3207,***,136.4,0,,
T2,2013,RNI,19,9Total income all sources,75529,,10.2,59884,,6.8
T2,2013,RSI,10,0wages and salaries,48727,,9.5,36709,,18
T2,2013,RSI,11,1self-employment,11063,**,50.1,0,,
T2,2013,RSI,12,2investments,4013,**,71.1,0,,
T2,2013,RSI,13,3private superannuation,794,**,54.1,0,,
T2,2013,RSI,14,4New Zealand Superannuation and war pensions,6844,,13.9,0,,
T2,2013,RSI,15,5Other government benefits,2907,*,26.8,0,,
T2,2013,RSI,16,6Other regular sources,2082,*,49.9,0,,
T2,2013,RSI,17,7Total regular and recurring income,76430,,9.7,65400,,8.9
T2,2013,RSI,18,8Total irregular Income,1408,**,60.7,0,,
T2,2013,RSI,19,9Total income all sources,77838,,9.9,66109,,9.3
T2,2013,TNZ,10,0wages and salaries,58821,,4.8,45625,,8.6
T2,2013,TNZ,11,1self-employment,9710,*,21.8,0,,
T2,2013,TNZ,12,2investments,4163,,19.1,0,,
T2,2013,TNZ,13,3private superannuation,868,*,23.8,0,,
T2,2013,TNZ,14,4New Zealand Superannuation and war pensions,5570,,3.3,0,,
T2,2013,TNZ,15,5Other government benefits,4423,,9.8,0,,
T2,2013,TNZ,16,6Other regular sources,2124,*,26.7,0,,
T2,2013,TNZ,17,7Total regular and recurring income,85678,,3.7,68597,,4.4
T2,2013,TNZ,18,8Total irregular Income,2310,**,65.5,0,,
T2,2013,TNZ,19,9Total income all sources,87988,,4.2,69250,,4.2
T2,2013,WEL,10,0wages and salaries,70284,,12.9,50000,,19.3
T2,2013,WEL,11,1self-employment,16323,**,54.6,0,,
T2,2013,WEL,12,2investments,6069,**,53.8,0,,
T2,2013,WEL,13,3private superannuation,1253,**,51.1,0,,
T2,2013,WEL,14,4New Zealand Superannuation and war pensions,4878,*,25.2,0,,
T2,2013,WEL,15,5Other government benefits,3980,*,29.2,0,,
T2,2013,WEL,16,6Other regular sources,2490,**,58.6,0,,
T2,2013,WEL,17,7Total regular and recurring income,105278,,10.1,79629,,14.1
T2,2013,WEL,18,8Total irregular Income,3406,**,78,0,,
T2,2013,WEL,19,9Total income all sources,108683,,9.7,81054,,13.4
T1,2014,AUK,10,0wages and salaries,95447,,6.5,81812,,8.6
T1,2014,AUK,11,1self-employment,67080,*,21.8,40000,,18.8
T1,2014,AUK,12,2investments,12652,*,30.8,1799,**,53.9
T1,2014,AUK,13,3private superannuation,32025,*,34.6,26229,,12.4
T1,2014,AUK,14,4New Zealand Superannuation and war pensions,21605,,7.3,21163,,3.9
T1,2014,AUK,15,5Other government benefits,13236,,14.9,9458,,18.2
T1,2014,AUK,16,6Other regular sources,18243,*,30.6,9235,*,28.1
T1,2014,AUK,17,7Total regular and recurring income,104637,,6,88782,,9.7
T1,2014,AUK,18,8Total irregular Income,35279,**,83.3,7000,**,54.6
T1,2014,AUK,19,9Total income all sources,107452,,6.6,88939,,9.8
T1,2014,CAN,10,0wages and salaries,89076,,10.1,80000,,11.8
T1,2014,CAN,11,1self-employment,54137,*,26.5,39653,*,31.9
T1,2014,CAN,12,2investments,11049,**,63.2,1725,*,42.4
T1,2014,CAN,13,3private superannuation,16865,*,32.3,16301,*,41
T1,2014,CAN,14,4New Zealand Superannuation and war pensions,24833,,5.6,21932,,8.5
T1,2014,CAN,15,5Other government benefits,11027,,20.8,8173,*,39.3
T1,2014,CAN,16,6Other regular sources,19685,**,59,4636,**,79.3
T1,2014,CAN,17,7Total regular and recurring income,90318,,7,72696,,10.3
T1,2014,CAN,18,8Total irregular Income,69173,***,116.8,3123,***,108.1
T1,2014,CAN,19,9Total income all sources,93124,,7.8,73436,,9.7
T1,2014,RNI,10,0wages and salaries,66114,,7.3,56836,,8
T1,2014,RNI,11,1self-employment,49137,*,21.2,37000,,19.1
T1,2014,RNI,12,2investments,8593,*,27,1873,*,30.4
T1,2014,RNI,13,3private superannuation,19956,*,26.3,13477,*,29.7
T1,2014,RNI,14,4New Zealand Superannuation and war pensions,23462,,4.2,21548,,1.8
T1,2014,RNI,15,5Other government benefits,12903,,11.8,9607,,17.1
T1,2014,RNI,16,6Other regular sources,16393,*,49.5,3000,*,33.7
T1,2014,RNI,17,7Total regular and recurring income,72537,,5.8,58024,,5.6
T1,2014,RNI,18,8Total irregular Income,36747,**,59.2,8743,**,51.5
T1,2014,RNI,19,9Total income all sources,75221,,6,58871,,6.2
T1,2014,RSI,10,0wages and salaries,71157,,11.8,62706,,11.2
T1,2014,RSI,11,1self-employment,57171,*,32,36319,*,38.7
T1,2014,RSI,12,2investments,12316,*,46.4,2248,,19.7
T1,2014,RSI,13,3private superannuation,27158,**,73.4,14364,**,53.6
T1,2014,RSI,14,4New Zealand Superannuation and war pensions,24508,,7.3,22127,,7.5
T1,2014,RSI,15,5Other government benefits,13260,,16.2,11330,*,24.1
T1,2014,RSI,16,6Other regular sources,28657,*,48,3800,**,63.9
T1,2014,RSI,17,7Total regular and recurring income,84000,,11.3,64639,,12.2
T1,2014,RSI,18,8Total irregular Income,48050,**,90.1,6495,***,142.5
T1,2014,RSI,19,9Total income all sources,87480,,13.1,65621,,12
T1,2014,TNZ,10,0wages and salaries,82955,,3.6,71214,,4.3
T1,2014,TNZ,11,1self-employment,56411,,11.3,38000,,8.8
T1,2014,TNZ,12,2investments,10555,,19.1,1890,,14.9
T1,2014,TNZ,13,3private superannuation,23249,,17.4,18795,,18.8
T1,2014,TNZ,14,4New Zealand Superannuation and war pensions,23218,,2.7,21337,,0.7
T1,2014,TNZ,15,5Other government benefits,12596,,7.1,9115,,9.4
T1,2014,TNZ,16,6Other regular sources,18257,,19.5,4568,*,24.7
T1,2014,TNZ,17,7Total regular and recurring income,88835,,2.9,71712,,4.2
T1,2014,TNZ,18,8Total irregular Income,39294,*,34.7,7000,*,37.1
T1,2014,TNZ,19,9Total income all sources,91944,,3.2,72579,,4.9
T1,2014,WEL,10,0wages and salaries,97195,,8.8,84000,,13.9
T1,2014,WEL,11,1self-employment,49541,*,21.8,24600,*,30.1
T1,2014,WEL,12,2investments,7964,*,30.7,2000,*,35.6
T1,2014,WEL,13,3private superannuation,24597,*,31,20858,*,38
T1,2014,WEL,14,4New Zealand Superannuation and war pensions,22426,,7.6,21188,,4.3
T1,2014,WEL,15,5Other government benefits,10785,,16.1,6624,,20.7
T1,2014,WEL,16,6Other regular sources,12197,**,54.3,2000,*,41.5
T1,2014,WEL,17,7Total regular and recurring income,97584,,7.9,80872,,10
T1,2014,WEL,18,8Total irregular Income,34901,**,55.2,11241,**,60.1
T1,2014,WEL,19,9Total income all sources,102689,,8.3,82343,,12.6
T2,2014,AUK,10,0wages and salaries,71523,,7.9,56878,,15.1
T2,2014,AUK,11,1self-employment,13736,*,25.3,0,,
T2,2014,AUK,12,2investments,5283,*,33.7,0,,
T2,2014,AUK,13,3private superannuation,876,**,55.9,0,,
T2,2014,AUK,14,4New Zealand Superannuation and war pensions,4435,,16.4,0,,
T2,2014,AUK,15,5Other government benefits,4040,,17.6,0,,
T2,2014,AUK,16,6Other regular sources,3433,*,34.6,0,,
T2,2014,AUK,17,7Total regular and recurring income,103326,,6.5,87854,,9.7
T2,2014,AUK,18,8Total irregular Income,2866,**,87.4,0,,
T2,2014,AUK,19,9Total income all sources,106193,,7,88337,,10.2
T2,2014,CAN,10,0wages and salaries,60872,,11.8,45030,,20.7
T2,2014,CAN,11,1self-employment,10847,**,50.5,0,,
T2,2014,CAN,12,2investments,4626,**,61.9,0,,
T2,2014,CAN,13,3private superannuation,886,**,53.9,0,,
T2,2014,CAN,14,4New Zealand Superannuation and war pensions,6519,,16.2,0,,
T2,2014,CAN,15,5Other government benefits,3072,*,24.4,0,,
T2,2014,CAN,16,6Other regular sources,3288,**,64.3,0,,
T2,2014,CAN,17,7Total regular and recurring income,90112,,7,72084,,10.3
T2,2014,CAN,18,8Total irregular Income,2800,***,117.9,0,,
T2,2014,CAN,19,9Total income all sources,92912,,7.9,73315,,10.1
T2,2014,RNI,10,0wages and salaries,43099,,9,30769,,17.1
T2,2014,RNI,11,1self-employment,9739,*,22.2,0,,
T2,2014,RNI,12,2investments,3367,*,28.3,0,,
T2,2014,RNI,13,3private superannuation,966,*,39.4,0,,
T2,2014,RNI,14,4New Zealand Superannuation and war pensions,6880,,10.2,0,,
T2,2014,RNI,15,5Other government benefits,5016,,12,0,,
T2,2014,RNI,16,6Other regular sources,3234,**,51.8,0,,
T2,2014,RNI,17,7Total regular and recurring income,72300,,5.9,57950,,5.6
T2,2014,RNI,18,8Total irregular Income,2676,**,62.2,0,,
T2,2014,RNI,19,9Total income all sources,74976,,6,58820,,6.3
T2,2014,RSI,10,0wages and salaries,48294,,13.6,36500,,19.6
T2,2014,RSI,11,1self-employment,12028,*,49.9,0,,
T2,2014,RSI,12,2investments,5152,*,48.6,0,,
T2,2014,RSI,13,3private superannuation,900,**,83.7,0,,
T2,2014,RSI,14,4New Zealand Superannuation and war pensions,7070,,17.8,0,,
T2,2014,RSI,15,5Other government benefits,3694,*,25.5,0,,
T2,2014,RSI,16,6Other regular sources,6765,**,52.4,0,,
T2,2014,RSI,17,7Total regular and recurring income,83903,,11.3,64244,,12.2
T2,2014,RSI,18,8Total irregular Income,3476,**,98.6,0,,
T2,2014,RSI,19,9Total income all sources,87379,,13.1,65621,,12
T2,2014,TNZ,10,0wages and salaries,57849,,4,43252,,8.5
T2,2014,TNZ,11,1self-employment,11369,,13.7,0,,
T2,2014,TNZ,12,2investments,4341,,19.5,0,,
T2,2014,TNZ,13,3private superannuation,967,*,22.9,0,,
T2,2014,TNZ,14,4New Zealand Superannuation and war pensions,5947,,3,0,,
T2,2014,TNZ,15,5Other government benefits,4122,,7.8,0,,
T2,2014,TNZ,16,6Other regular sources,3744,*,21.1,0,,
T2,2014,TNZ,17,7Total regular and recurring income,88339,,3,71419,,4.5
T2,2014,TNZ,18,8Total irregular Income,3115,*,35.8,0,,
T2,2014,TNZ,19,9Total income all sources,91454,,3.3,72382,,4.8
T2,2014,WEL,10,0wages and salaries,70542,,10.2,57332,*,22.9
T2,2014,WEL,11,1self-employment,9652,*,39.3,0,,
T2,2014,WEL,12,2investments,3465,*,31.9,0,,
T2,2014,WEL,13,3private superannuation,1387,**,51.7,0,,
T2,2014,WEL,14,4New Zealand Superannuation and war pensions,5478,,18.8,0,,
T2,2014,WEL,15,5Other government benefits,3375,*,24.3,0,,
T2,2014,WEL,16,6Other regular sources,3502,**,59.5,0,,
T2,2014,WEL,17,7Total regular and recurring income,97402,,8,80670,,10.2
T2,2014,WEL,18,8Total irregular Income,5096,**,58.3,0,,
T2,2014,WEL,19,9Total income all sources,102497,,8.3,82296,,12.4
T1,2015,AUK,10,0wages and salaries,94588,,6.4,81559,,5.9
T1,2015,AUK,11,1self-employment,71354,*,25.7,52143,,19.9
T1,2015,AUK,12,2investments,13889,*,29.5,1998,*,34.4
T1,2015,AUK,13,3private superannuation,32013,**,53.8,21401,*,22.4
T1,2015,AUK,14,4New Zealand Superannuation and war pensions,23306,,4.5,21714,,1.6
T1,2015,AUK,15,5Other government benefits,13010,,12.1,8788,,17.3
T1,2015,AUK,16,6Other regular sources,20433,*,42.5,5000,*,37.4
T1,2015,AUK,17,7Total regular and recurring income,107061,,6,89858,,5.8
T1,2015,AUK,18,8Total irregular Income,49397,**,63.7,6245,**,96.3
T1,2015,AUK,19,9Total income all sources,110438,,6.5,90728,,5.6
T1,2015,CAN,10,0wages and salaries,89851,,6.7,78214,,7.5
T1,2015,CAN,11,1self-employment,56328,*,26,35503,*,32.9
T1,2015,CAN,12,2investments,7669,*,23.2,1200,*,29
T1,2015,CAN,13,3private superannuation,27675,*,43.6,19533,*,23.9
T1,2015,CAN,14,4New Zealand Superannuation and war pensions,24063,,5.8,21932,,2.6
T1,2015,CAN,15,5Other government benefits,9771,,12.9,7329,,16.5
T1,2015,CAN,16,6Other regular sources,16846,*,39.3,3747,*,41.7
T1,2015,CAN,17,7Total regular and recurring income,94330,,4.9,79427,,7.5
T1,2015,CAN,18,8Total irregular Income,38394,**,52.6,7494,*,46.8
T1,2015,CAN,19,9Total income all sources,97523,,5.1,80172,,7.2
T1,2015,RNI,10,0wages and salaries,73402,,6.1,63559,,5.4
T1,2015,RNI,11,1self-employment,51646,*,29.8,31286,*,28.8
T1,2015,RNI,12,2investments,7893,*,28.7,1499,*,33
T1,2015,RNI,13,3private superannuation,22199,*,21.3,16392,,16.8
T1,2015,RNI,14,4New Zealand Superannuation and war pensions,24552,,3.7,22163,,2.4
T1,2015,RNI,15,5Other government benefits,12763,,10.8,9078,,16.3
T1,2015,RNI,16,6Other regular sources,20888,**,59.2,3650,*,22.4
T1,2015,RNI,17,7Total regular and recurring income,82077,,7.4,63963,,5.8
T1,2015,RNI,18,8Total irregular Income,48239,**,52.8,4871,**,70.4
T1,2015,RNI,19,9Total income all sources,86120,,8.6,65372,,6.1
T1,2015,RSI,10,0wages and salaries,75399,,9.7,63655,,10.6
T1,2015,RSI,11,1self-employment,60020,*,32.6,36188,*,23.8
T1,2015,RSI,12,2investments,10611,*,30.9,1624,**,50.6
T1,2015,RSI,13,3private superannuation,20652,*,22.5,16143,*,35.1
T1,2015,RSI,14,4New Zealand Superannuation and war pensions,25464,,3.9,22872,,4.8
T1,2015,RSI,15,5Other government benefits,10498,,14.1,7488,,19.6
T1,2015,RSI,16,6Other regular sources,11739,*,36.4,2500,**,56.6
T1,2015,RSI,17,7Total regular and recurring income,83044,,7.8,64436,,6.7
T1,2015,RSI,18,8Total irregular Income,34608,**,54.7,5500,**,87.1
T1,2015,RSI,19,9Total income all sources,85456,,8.1,66207,,6.5
T1,2015,TNZ,10,0wages and salaries,85128,,3.4,72000,,3
T1,2015,TNZ,11,1self-employment,60624,,13.9,41500,,12
T1,2015,TNZ,12,2investments,10234,,14.4,1500,,20.7
T1,2015,TNZ,13,3private superannuation,25402,,15.4,19222,,9.9
T1,2015,TNZ,14,4New Zealand Superannuation and war pensions,24322,,1.8,22043,,0.7
T1,2015,TNZ,15,5Other government benefits,12084,,6.3,8528,,9.7
T1,2015,TNZ,16,6Other regular sources,18115,*,28.2,3420,,15.2
T1,2015,TNZ,17,7Total regular and recurring income,93880,,3.2,75000,,3
T1,2015,TNZ,18,8Total irregular Income,41557,*,31,5500,*,31.3
T1,2015,TNZ,19,9Total income all sources,97300,,3.7,76180,,3.1
T1,2015,WEL,10,0wages and salaries,93889,,7.8,79000,,8.2
T1,2015,WEL,11,1self-employment,57367,*,22.8,43680,*,24.7
T1,2015,WEL,12,2investments,10726,*,27.6,1561,*,37.2
T1,2015,WEL,13,3private superannuation,28203,*,25.9,23982,*,23.9
T1,2015,WEL,14,4New Zealand Superannuation and war pensions,24857,,5.9,22163,,10.7
T1,2015,WEL,15,5Other government benefits,11335,,12.3,9555,,18.4
T1,2015,WEL,16,6Other regular sources,13479,**,50.9,2050,*,47.4
T1,2015,WEL,17,7Total regular and recurring income,103044,,8,82050,,9.2
T1,2015,WEL,18,8Total irregular Income,23288,*,34.9,3747,**,73.2
T1,2015,WEL,19,9Total income all sources,106039,,7.9,83203,,8.7
T2,2015,AUK,10,0wages and salaries,71489,,6.6,58151,,10.1
T2,2015,AUK,11,1self-employment,15456,*,30.1,0,,
T2,2015,AUK,12,2investments,6063,*,29.4,0,,
T2,2015,AUK,13,3private superannuation,646,**,64.2,0,,
T2,2015,AUK,14,4New Zealand Superannuation and war pensions,5063,,12.2,0,,
T2,2015,AUK,15,5Other government benefits,3889,,16.9,0,,
T2,2015,AUK,16,6Other regular sources,3847,*,48.1,0,,
T2,2015,AUK,17,7Total regular and recurring income,106453,,6.1,88864,,5.8
T2,2015,AUK,18,8Total irregular Income,3407,**,66.6,0,,
T2,2015,AUK,19,9Total income all sources,109861,,6.5,90292,,5.9
T2,2015,CAN,10,0wages and salaries,66483,,7,59106,,11.3
T2,2015,CAN,11,1self-employment,9498,*,28,0,,
T2,2015,CAN,12,2investments,4347,*,23.5,94,**,50.4
T2,2015,CAN,13,3private superannuation,910,**,56.4,0,,
T2,2015,CAN,14,4New Zealand Superannuation and war pensions,5982,,13.3,0,,
T2,2015,CAN,15,5Other government benefits,2839,,17,0,,
T2,2015,CAN,16,6Other regular sources,3989,*,43.2,0,,
T2,2015,CAN,17,7Total regular and recurring income,94048,,5,78858,,7.4
T2,2015,CAN,18,8Total irregular Income,3184,**,57.8,0,,
T2,2015,CAN,19,9Total income all sources,97232,,5.1,80172,,7.2
T2,2015,RNI,10,0wages and salaries,50290,,7.6,37856,,11.2
T2,2015,RNI,11,1self-employment,9475,*,33.9,0,,
T2,2015,RNI,12,2investments,3538,*,29.1,0,,
T2,2015,RNI,13,3private superannuation,1051,*,35.1,0,,
T2,2015,RNI,14,4New Zealand Superannuation and war pensions,7617,,8.5,0,,
T2,2015,RNI,15,5Other government benefits,4733,,11.2,0,,
T2,2015,RNI,16,6Other regular sources,5076,**,60.3,0,,
T2,2015,RNI,17,7Total regular and recurring income,81780,,7.4,63709,,5.4
T2,2015,RNI,18,8Total irregular Income,4028,**,52,0,,
T2,2015,RNI,19,9Total income all sources,85808,,8.6,65169,,6.2
T2,2015,RSI,10,0wages and salaries,51893,,10.9,37543,,17.7
T2,2015,RSI,11,1self-employment,11506,*,35.3,0,,
T2,2015,RSI,12,2investments,5226,*,32.6,0,,
T2,2015,RSI,13,3private superannuation,738,*,47.2,0,,
T2,2015,RSI,14,4New Zealand Superannuation and war pensions,7411,,12.1,0,,
T2,2015,RSI,15,5Other government benefits,3052,,20.9,0,,
T2,2015,RSI,16,6Other regular sources,2759,*,39.3,0,,
T2,2015,RSI,17,7Total regular and recurring income,82586,,7.8,64324,,6.9
T2,2015,RSI,18,8Total irregular Income,2399,**,62,0,,
T2,2015,RSI,19,9Total income all sources,84985,,8.1,66075,,6.8
T2,2015,TNZ,10,0wages and salaries,61668,,3.5,48000,,5.3
T2,2015,TNZ,11,1self-employment,11662,,16.1,0,,
T2,2015,TNZ,12,2investments,4763,,14.9,0,,
T2,2015,TNZ,13,3private superannuation,941,*,22.2,0,,
T2,2015,TNZ,14,4New Zealand Superannuation and war pensions,6416,,1.8,0,,
T2,2015,TNZ,15,5Other government benefits,3895,,7.3,0,,
T2,2015,TNZ,16,6Other regular sources,4137,*,29.5,0,,
T2,2015,TNZ,17,7Total regular and recurring income,93482,,3.2,74680,,3.2
T2,2015,TNZ,18,8Total irregular Income,3419,*,32.5,0,,
T2,2015,TNZ,19,9Total income all sources,96902,,3.7,75969,,3.2
T2,2015,WEL,10,0wages and salaries,72566,,8.4,55035,,18
T2,2015,WEL,11,1self-employment,10354,*,28.3,0,,
T2,2015,WEL,12,2investments,4796,*,31.1,0,,
T2,2015,WEL,13,3private superannuation,1678,*,38.1,0,,
T2,2015,WEL,14,4New Zealand Superannuation and war pensions,6095,,15.1,0,,
T2,2015,WEL,15,5Other government benefits,3563,,18.3,0,,
T2,2015,WEL,16,6Other regular sources,3765,**,50.8,0,,
T2,2015,WEL,17,7Total regular and recurring income,102817,,8,82000,,9.4
T2,2015,WEL,18,8Total irregular Income,2988,*,42,0,,
T2,2015,WEL,19,9Total income all sources,105805,,7.9,83203,,8.7
T1,2016,AUK,10,0wages and salaries,93949,,7.5,77243,,7
T1,2016,AUK,11,1self-employment,95585,,20.8,68887,,17.8
T1,2016,AUK,12,2investments,14755,*,32.4,2248,*,35
T1,2016,AUK,13,3private superannuation,34575,**,62.9,23341,,18.2
T1,2016,AUK,14,4New Zealand Superannuation and war pensions,25065,,6.4,22478,,3.9
T1,2016,AUK,15,5Other government benefits,13246,,16.5,9435,*,24.7
T1,2016,AUK,16,6Other regular sources,15326,*,41,3750,*,35.1
T1,2016,AUK,17,7Total regular and recurring income,112011,,7.9,91517,,8.4
T1,2016,AUK,18,8Total irregular Income,42544,**,81.3,6245,***,101.3
T1,2016,AUK,19,9Total income all sources,113854,,8.3,92000,,8.6
T1,2016,CAN,10,0wages and salaries,86841,,10,80245,,7.1
T1,2016,CAN,11,1self-employment,54424,*,25.7,39105,*,24.9
T1,2016,CAN,12,2investments,9553,*,39.5,1561,**,52.5
T1,2016,CAN,13,3private superannuation,31793,**,71.8,21027,*,41
T1,2016,CAN,14,4New Zealand Superannuation and war pensions,25729,,6.8,22768,,8.7
T1,2016,CAN,15,5Other government benefits,10370,,18.1,8342,*,25.1
T1,2016,CAN,16,6Other regular sources,10175,*,43.7,3600,*,30.1
T1,2016,CAN,17,7Total regular and recurring income,92151,,6.4,81630,,6.3
T1,2016,CAN,18,8Total irregular Income,57310,**,61.6,11500,**,98.9
T1,2016,CAN,19,9Total income all sources,96089,,7.2,82362,,6.7
T1,2016,RNI,10,0wages and salaries,74732,,6.6,64096,,8.7
T1,2016,RNI,11,1self-employment,55386,*,25.8,36498,*,23.7
T1,2016,RNI,12,2investments,9941,*,44.8,1750,*,38.3
T1,2016,RNI,13,3private superannuation,19008,*,38.2,11497,*,44
T1,2016,RNI,14,4New Zealand Superannuation and war pensions,25663,,3.4,22478,,4.2
T1,2016,RNI,15,5Other government benefits,12641,,11.5,9484,,14.7
T1,2016,RNI,16,6Other regular sources,12635,*,29.4,3750,*,32.9
T1,2016,RNI,17,7Total regular and recurring income,81332,,7.4,63562,,6.5
T1,2016,RNI,18,8Total irregular Income,50051,***,124.4,6000,**,69
T1,2016,RNI,19,9Total income all sources,85146,,8.8,65015,,7.3
T1,2016,RSI,10,0wages and salaries,69149,,10.9,60733,,14
T1,2016,RSI,11,1self-employment,58645,*,33.7,36756,*,23.8
T1,2016,RSI,12,2investments,6846,*,32.7,1874,*,35.8
T1,2016,RSI,13,3private superannuation,12452,*,44.7,7494,***,124
T1,2016,RSI,14,4New Zealand Superannuation and war pensions,26098,,5.2,22997,,9.1
T1,2016,RSI,15,5Other government benefits,12207,,14.9,10158,,19.8
T1,2016,RSI,16,6Other regular sources,9111,*,28.8,2498,**,74.7
T1,2016,RSI,17,7Total regular and recurring income,77320,,9.6,59766,,14.6
T1,2016,RSI,18,8Total irregular Income,57182,*,42.9,24980,***,112.6
T1,2016,RSI,19,9Total income all sources,81554,,9.3,61652,,13
T1,2016,TNZ,10,0wages and salaries,83642,,4,71964,,4.2
T1,2016,TNZ,11,1self-employment,71612,,13.3,45588,,13.2
T1,2016,TNZ,12,2investments,11182,,18.6,1894,*,21.8
T1,2016,TNZ,13,3private superannuation,22567,*,22.9,16506,,20.9
T1,2016,TNZ,14,4New Zealand Superannuation and war pensions,25550,,2.1,22478,,3.6
T1,2016,TNZ,15,5Other government benefits,12452,,7.1,9387,,7.9
T1,2016,TNZ,16,6Other regular sources,12543,,20.2,3726,,15.6
T1,2016,TNZ,17,7Total regular and recurring income,93523,,4.4,75104,,4.5
T1,2016,TNZ,18,8Total irregular Income,47308,**,56,7494,*,34.7
T1,2016,TNZ,19,9Total income all sources,96534,,4.8,75995,,5
T1,2016,WEL,10,0wages and salaries,87913,,11.3,76434,,10.4
T1,2016,WEL,11,1self-employment,71751,*,23.2,50000,*,24.6
T1,2016,WEL,12,2investments,12307,*,31.3,2684,**,65.4
T1,2016,WEL,13,3private superannuation,22459,*,31.2,19000,*,37.3
T1,2016,WEL,14,4New Zealand Superannuation and war pensions,25334,,5.5,22478,,4
T1,2016,WEL,15,5Other government benefits,12204,,14.3,9927,,18.4
T1,2016,WEL,16,6Other regular sources,12700,**,63.6,2186,*,34.6
T1,2016,WEL,17,7Total regular and recurring income,96359,,8.5,77142,,10.5
T1,2016,WEL,18,8Total irregular Income,22818,**,64.8,1749,***,140.6
T1,2016,WEL,19,9Total income all sources,97877,,8.5,77249,,11.5
T2,2016,AUK,10,0wages and salaries,69489,,9.3,56564,,13.6
T2,2016,AUK,11,1self-employment,23655,*,23.6,0,,
T2,2016,AUK,12,2investments,5213,*,34,0,,
T2,2016,AUK,13,3private superannuation,456,**,81.6,0,,
T2,2016,AUK,14,4New Zealand Superannuation and war pensions,5193,,14.5,0,,
T2,2016,AUK,15,5Other government benefits,3283,*,22.8,0,,
T2,2016,AUK,16,6Other regular sources,3407,*,45.3,0,,
T2,2016,AUK,17,7Total regular and recurring income,110694,,7.8,90297,,9
T2,2016,AUK,18,8Total irregular Income,1821,**,97.7,0,,
T2,2016,AUK,19,9Total income all sources,112515,,8.2,91187,,8.5
T2,2016,CAN,10,0wages and salaries,64375,,10.6,59982,,12
T2,2016,CAN,11,1self-employment,9878,*,35.9,0,,
T2,2016,CAN,12,2investments,4205,*,42.3,0,,
T2,2016,CAN,13,3private superannuation,1215,**,78.6,0,,
T2,2016,CAN,14,4New Zealand Superannuation and war pensions,6865,*,21.5,0,,
T2,2016,CAN,15,5Other government benefits,2453,*,24.7,0,,
T2,2016,CAN,16,6Other regular sources,3035,**,50.7,0,,
T2,2016,CAN,17,7Total regular and recurring income,92025,,6.4,81626,,6
T2,2016,CAN,18,8Total irregular Income,3933,**,69.7,0,,
T2,2016,CAN,19,9Total income all sources,95958,,7.2,82166,,6.4
T2,2016,RNI,10,0wages and salaries,49371,,7.3,35547,,13.4
T2,2016,RNI,11,1self-employment,11271,*,33.2,0,,
T2,2016,RNI,12,2investments,3845,*,46.6,0,,
T2,2016,RNI,13,3private superannuation,786,*,43.1,0,,
T2,2016,RNI,14,4New Zealand Superannuation and war pensions,8108,,9.9,0,,
T2,2016,RNI,15,5Other government benefits,4209,,14.2,0,,
T2,2016,RNI,16,6Other regular sources,3549,*,32.9,0,,
T2,2016,RNI,17,7Total regular and recurring income,81138,,7.5,63513,,6.6
T2,2016,RNI,18,8Total irregular Income,3805,***,129.9,0,,
T2,2016,RNI,19,9Total income all sources,84943,,8.9,64810,,7.4
T2,2016,RSI,10,0wages and salaries,45271,,13.6,31284,*,36.4
T2,2016,RSI,11,1self-employment,14258,*,33.4,0,,
T2,2016,RSI,12,2investments,2591,*,34.6,0,,
T2,2016,RSI,13,3private superannuation,505,**,69.6,0,,
T2,2016,RSI,14,4New Zealand Superannuation and war pensions,8191,,18.8,0,,
T2,2016,RSI,15,5Other government benefits,3660,*,22.9,0,,
T2,2016,RSI,16,6Other regular sources,2600,*,37.3,0,,
T2,2016,RSI,17,7Total regular and recurring income,77075,,9.6,59411,,14.4
T2,2016,RSI,18,8Total irregular Income,4220,**,52.3,0,,
T2,2016,RSI,19,9Total income all sources,81295,,9.3,61652,,13.1
T2,2016,TNZ,10,0wages and salaries,58378,,4.6,45000,,8.9
T2,2016,TNZ,11,1self-employment,15844,,14.9,0,,
T2,2016,TNZ,12,2investments,4258,,19.6,0,,
T2,2016,TNZ,13,3private superannuation,789,*,27.1,0,,
T2,2016,TNZ,14,4New Zealand Superannuation and war pensions,6904,,1.9,0,,
T2,2016,TNZ,15,5Other government benefits,3578,,9.4,0,,
T2,2016,TNZ,16,6Other regular sources,3281,*,21.1,0,,
T2,2016,TNZ,17,7Total regular and recurring income,93032,,4.4,74853,,4.5
T2,2016,TNZ,18,8Total irregular Income,2995,**,60.6,0,,
T2,2016,TNZ,19,9Total income all sources,96027,,4.8,75774,,4.7
T2,2016,WEL,10,0wages and salaries,60106,,12.1,41782,*,26.8
T2,2016,WEL,11,1self-employment,16122,*,28.9,0,,
T2,2016,WEL,12,2investments,4577,*,34.8,0,,
T2,2016,WEL,13,3private superannuation,1530,*,43,0,,
T2,2016,WEL,14,4New Zealand Superannuation and war pensions,6878,,17.2,0,,
T2,2016,WEL,15,5Other government benefits,3807,*,25.3,0,,
T2,2016,WEL,16,6Other regular sources,3131,**,63.5,0,,
T2,2016,WEL,17,7Total regular and recurring income,96151,,8.5,77142,,10.8
T2,2016,WEL,18,8Total irregular Income,1515,**,73.9,0,,
T2,2016,WEL,19,9Total income all sources,97666,,8.6,77249,,11.5
T1,2017,AUK,10,0wages and salaries,103249,,7.9,89777,,5.3
T1,2017,AUK,11,1self-employment,94954,*,22.2,58000,,13.9
T1,2017,AUK,12,2investments,18599,*,39.5,4228,*,37.7
T1,2017,AUK,13,3private superannuation,34511,**,61.5,25000,*,42.8
T1,2017,AUK,14,4New Zealand Superannuation and war pensions,27653,,5.3,23468,,5.1
T1,2017,AUK,15,5Other government benefits,13006,,11.9,9276,,17.1
T1,2017,AUK,16,6Other regular sources,17028,*,32.9,6250,*,30.9
T1,2017,AUK,17,7Total regular and recurring income,121377,,8.1,98406,,6.2
T1,2017,AUK,18,8Total irregular Income,83105,***,119.8,6495,***,134.2
T1,2017,AUK,19,9Total income all sources,124660,,8.3,98758,,6.6
T1,2017,CAN,10,0wages and salaries,83325,,9.6,73540,,7.8
T1,2017,CAN,11,1self-employment,71199,*,48.3,41000,*,34.2
T1,2017,CAN,12,2investments,8217,*,26.4,1591,**,50.7
T1,2017,CAN,13,3private superannuation,20721,**,52.9,14655,**,77.9
T1,2017,CAN,14,4New Zealand Superannuation and war pensions,28004,,4.9,29939,,16.6
T1,2017,CAN,15,5Other government benefits,13655,,20.3,8864,*,21.3
T1,2017,CAN,16,6Other regular sources,15552,**,72.3,2186,**,53
T1,2017,CAN,17,7Total regular and recurring income,93826,,9.4,78846,,8.9
T1,2017,CAN,18,8Total irregular Income,31493,**,68.8,10000,***,117.7
T1,2017,CAN,19,9Total income all sources,95933,,10.1,79257,,8.4
T1,2017,RNI,10,0wages and salaries,79684,,5.2,68952,,8.1
T1,2017,RNI,11,1self-employment,57714,,15.1,41712,,16.4
T1,2017,RNI,12,2investments,9862,*,25.1,2373,*,42.9
T1,2017,RNI,13,3private superannuation,19938,*,37.3,14988,*,28.5
T1,2017,RNI,14,4New Zealand Superannuation and war pensions,26666,,5.3,23468,,2.5
T1,2017,RNI,15,5Other government benefits,14386,,11.4,10785,,15.9
T1,2017,RNI,16,6Other regular sources,9691,*,28.4,2500,*,32
T1,2017,RNI,17,7Total regular and recurring income,84727,,4.4,69320,,6.8
T1,2017,RNI,18,8Total irregular Income,41236,**,60.4,6870,***,127.3
T1,2017,RNI,19,9Total income all sources,86728,,4.6,70000,,7.2
T1,2017,RSI,10,0wages and salaries,70237,,9,65000,,6.7
T1,2017,RSI,11,1self-employment,46524,*,25.9,48000,,15.5
T1,2017,RSI,12,2investments,8888,*,37.5,2498,*,44
T1,2017,RSI,13,3private superannuation,33686,*,29.4,29227,,4.4
T1,2017,RSI,14,4New Zealand Superannuation and war pensions,25635,,7.1,23468,,1.2
T1,2017,RSI,15,5Other government benefits,14245,,15.7,12272,*,21.5
T1,2017,RSI,16,6Other regular sources,15184,***,108.9,2186,*,38.5
T1,2017,RSI,17,7Total regular and recurring income,78041,,8.7,65618,,7.4
T1,2017,RSI,18,8Total irregular Income,114173,***,109.7,12490,*,47.1
T1,2017,RSI,19,9Total income all sources,85889,,15.4,65819,,8.5
T1,2017,TNZ,10,0wages and salaries,88717,,3.9,76328,,4.3
T1,2017,TNZ,11,1self-employment,74033,,12.8,48000,,7.4
T1,2017,TNZ,12,2investments,14025,*,25,2623,*,25
T1,2017,TNZ,13,3private superannuation,25093,*,21.2,17486,*,25.7
T1,2017,TNZ,14,4New Zealand Superannuation and war pensions,27019,,2.5,23468,,0.6
T1,2017,TNZ,15,5Other government benefits,13582,,6.3,10191,,9.5
T1,2017,TNZ,16,6Other regular sources,14219,*,22.6,3750,*,23.7
T1,2017,TNZ,17,7Total regular and recurring income,100103,,3.9,80737,,4.5
T1,2017,TNZ,18,8Total irregular Income,58492,**,56.2,8000,*,46.5
T1,2017,TNZ,19,9Total income all sources,103115,,4.1,81642,,4.2
T1,2017,WEL,10,0wages and salaries,95268,,10,83348,,12.6
T1,2017,WEL,11,1self-employment,81176,*,22.9,54747,*,32.3
T1,2017,WEL,12,2investments,32157,**,92,3500,**,67.3
T1,2017,WEL,13,3private superannuation,25080,**,52.6,12490,**,78.1
T1,2017,WEL,14,4New Zealand Superannuation and war pensions,27096,,4.5,23468,,2.6
T1,2017,WEL,15,5Other government benefits,11912,,19.3,9901,*,23.4
T1,2017,WEL,16,6Other regular sources,19922,*,43.9,5984,*,41.7
T1,2017,WEL,17,7Total regular and recurring income,115264,,10.8,92054,,10.7
T1,2017,WEL,18,8Total irregular Income,22204,**,64,6994,***,104.4
T1,2017,WEL,19,9Total income all sources,116551,,10.7,92208,,10.2
T2,2017,AUK,10,0wages and salaries,74251,,8.5,56754,,14.6
T2,2017,AUK,11,1self-employment,26565,*,24.5,0,,
T2,2017,AUK,12,2investments,6045,*,41.8,0,,
T2,2017,AUK,13,3private superannuation,729,**,89,0,,
T2,2017,AUK,14,4New Zealand Superannuation and war pensions,5870,,16,0,,
T2,2017,AUK,15,5Other government benefits,3561,,17.9,0,,
T2,2017,AUK,16,6Other regular sources,3643,*,36.1,0,,
T2,2017,AUK,17,7Total regular and recurring income,120664,,8.1,97307,,6.5
T2,2017,AUK,18,8Total irregular Income,3264,***,124,0,,
T2,2017,AUK,19,9Total income all sources,123928,,8.3,97977,,6.5
T2,2017,CAN,10,0wages and salaries,59374,,11.8,52393,,18.6
T2,2017,CAN,11,1self-employment,12711,**,55.6,0,,
T2,2017,CAN,12,2investments,3588,*,29.8,0,,
T2,2017,CAN,13,3private superannuation,1073,**,75.1,0,,
T2,2017,CAN,14,4New Zealand Superannuation and war pensions,8472,,14.4,0,,
T2,2017,CAN,15,5Other government benefits,3855,*,24.6,0,,
T2,2017,CAN,16,6Other regular sources,4475,**,74.6,0,,
T2,2017,CAN,17,7Total regular and recurring income,93549,,9.4,78846,,8.9
T2,2017,CAN,18,8Total irregular Income,2101,**,76.4,0,,
T2,2017,CAN,19,9Total income all sources,95650,,10.2,79152,,8.4
T2,2017,RNI,10,0wages and salaries,52534,,6.9,42233,,14.6
T2,2017,RNI,11,1self-employment,12272,,18.8,0,,
T2,2017,RNI,12,2investments,3725,*,27.5,0,,
T2,2017,RNI,13,3private superannuation,711,**,52.6,0,,
T2,2017,RNI,14,4New Zealand Superannuation and war pensions,7770,,10.1,0,,
T2,2017,RNI,15,5Other government benefits,4397,,15.7,0,,
T2,2017,RNI,16,6Other regular sources,2707,*,31,0,,
T2,2017,RNI,17,7Total regular and recurring income,84115,,4.4,68600,,6.5
T2,2017,RNI,18,8Total irregular Income,1987,**,65.2,0,,
T2,2017,RNI,19,9Total income all sources,86102,,4.5,69320,,7
T2,2017,RSI,10,0wages and salaries,45523,,10.9,37090,*,29.7
T2,2017,RSI,11,1self-employment,12459,*,29.5,0,,
T2,2017,RSI,12,2investments,3164,*,43.5,0,,
T2,2017,RSI,13,3private superannuation,944,**,74.9,0,,
T2,2017,RSI,14,4New Zealand Superannuation and war pensions,8205,,18.1,0,,
T2,2017,RSI,15,5Other government benefits,3445,*,22.7,0,,
T2,2017,RSI,16,6Other regular sources,4301,***,108.3,0,,
T2,2017,RSI,17,7Total regular and recurring income,78041,,8.7,65618,,7.4
T2,2017,RSI,18,8Total irregular Income,7848,***,133.2,0,,
T2,2017,RSI,19,9Total income all sources,85889,,15.4,65819,,8.5
T2,2017,TNZ,10,0wages and salaries,61321,,4.2,47794,,6.8
T2,2017,TNZ,11,1self-employment,17709,,13.4,0,,
T2,2017,TNZ,12,2investments,5013,*,25.4,0,,
T2,2017,TNZ,13,3private superannuation,896,*,31.1,0,,
T2,2017,TNZ,14,4New Zealand Superannuation and war pensions,7187,,2.2,0,,
T2,2017,TNZ,15,5Other government benefits,3836,,8.9,0,,
T2,2017,TNZ,16,6Other regular sources,3617,*,24.4,0,,
T2,2017,TNZ,17,7Total regular and recurring income,99579,,3.9,80167,,4.6
T2,2017,TNZ,18,8Total irregular Income,2996,**,61.9,0,,
T2,2017,TNZ,19,9Total income all sources,102574,,4.1,81059,,4.3
T2,2017,WEL,10,0wages and salaries,69030,,11.1,49500,,19.9
T2,2017,WEL,11,1self-employment,19924,*,25.8,0,,
T2,2017,WEL,12,2investments,9518,**,90.7,0,,
T2,2017,WEL,13,3private superannuation,1662,**,59,0,,
T2,2017,WEL,14,4New Zealand Superannuation and war pensions,6630,,18.1,0,,
T2,2017,WEL,15,5Other government benefits,3337,*,27.1,0,,
T2,2017,WEL,16,6Other regular sources,4500,*,49.4,0,,
T2,2017,WEL,17,7Total regular and recurring income,114602,,10.8,91692,,10.7
T2,2017,WEL,18,8Total irregular Income,1280,**,67.6,0,,
T2,2017,WEL,19,9Total income all sources,115882,,10.8,92054,,11.2
T1,2018,AUK,10,0wages and salaries,106484,,7.2,90223,,7.4
T1,2018,AUK,11,1self-employment,90371,*,25,54000,,19.2
T1,2018,AUK,12,2investments,18175,**,53.7,1374,*,47.4
T1,2018,AUK,13,3private superannuation,34915,*,47.2,25480,*,23.2
T1,2018,AUK,14,4New Zealand Superannuation and war pensions,26019,,4.6,23468,,4.3
T1,2018,AUK,15,5Other government benefits,16018,,13,11617,,14.6
T1,2018,AUK,16,6Other regular sources,22708,*,30.9,4684,*,40.1
T1,2018,AUK,17,7Total regular and recurring income,125975,,8.6,103162,,8
T1,2018,AUK,18,8Total irregular Income,47443,**,54.4,20000,***,125.3
T1,2018,AUK,19,9Total income all sources,128442,,8.5,104600,,8.2
T1,2018,CAN,10,0wages and salaries,89223,,10.2,76967,,9.1
T1,2018,CAN,11,1self-employment,60267,*,22.4,48000,*,28.1
T1,2018,CAN,12,2investments,7412,*,31.6,849,*,30.8
T1,2018,CAN,13,3private superannuation,26209,*,29.1,22109,*,33.6
T1,2018,CAN,14,4New Zealand Superannuation and war pensions,27320,,5.9,24170,,1.9
T1,2018,CAN,15,5Other government benefits,14457,,16.7,10532,*,28.6
T1,2018,CAN,16,6Other regular sources,15490,*,30.2,3861,*,32.1
T1,2018,CAN,17,7Total regular and recurring income,99741,,7.6,82371,,5.6
T1,2018,CAN,18,8Total irregular Income,25311,*,33,12490,**,53.7
T1,2018,CAN,19,9Total income all sources,102471,,7.6,83692,,5.3
T1,2018,RNI,10,0wages and salaries,75114,,5.1,65000,,8.5
T1,2018,RNI,11,1self-employment,73091,,18.2,41588,*,22.4
T1,2018,RNI,12,2investments,14662,*,46.8,1524,*,33.4
T1,2018,RNI,13,3private superannuation,22806,*,45.9,15438,,17.9
T1,2018,RNI,14,4New Zealand Superannuation and war pensions,26613,,3.5,24170,,1.4
T1,2018,RNI,15,5Other government benefits,14357,,8.9,11471,,14.1
T1,2018,RNI,16,6Other regular sources,12679,,19.9,3750,*,28.2
T1,2018,RNI,17,7Total regular and recurring income,90862,,6.4,72800,,6.6
T1,2018,RNI,18,8Total irregular Income,35164,*,31.1,16000,*,37.9
T1,2018,RNI,19,9Total income all sources,93326,,6.6,75000,,6.9
T1,2018,RSI,10,0wages and salaries,77595,,8.2,70086,,13.1
T1,2018,RSI,11,1self-employment,58513,*,21.1,44000,*,28.7
T1,2018,RSI,12,2investments,7786,*,30.6,1812,*,43.9
T1,2018,RSI,13,3private superannuation,13844,*,34.6,13025,*,49.2
T1,2018,RSI,14,4New Zealand Superannuation and war pensions,25921,,6.7,24170,,3.1
T1,2018,RSI,15,5Other government benefits,13871,,16.3,10146,*,26.7
T1,2018,RSI,16,6Other regular sources,8871,*,35.6,1750,*,30.4
T1,2018,RSI,17,7Total regular and recurring income,85101,,6.8,70000,,14.4
T1,2018,RSI,18,8Total irregular Income,30805,**,63.8,6245,**,79.9
T1,2018,RSI,19,9Total income all sources,88097,,6.7,71816,,13
T1,2018,TNZ,10,0wages and salaries,90806,,3.5,78000,,3.6
T1,2018,TNZ,11,1self-employment,77882,,11.3,48000,,10.5
T1,2018,TNZ,12,2investments,13932,*,27.2,1324,*,23.5
T1,2018,TNZ,13,3private superannuation,25382,,20.4,20975,,15.4
T1,2018,TNZ,14,4New Zealand Superannuation and war pensions,26347,,2,24170,,1.4
T1,2018,TNZ,15,5Other government benefits,14651,,6.1,11262,,7.3
T1,2018,TNZ,16,6Other regular sources,15260,,14.7,3750,*,22.8
T1,2018,TNZ,17,7Total regular and recurring income,105719,,3.7,83715,,3.8
T1,2018,TNZ,18,8Total irregular Income,34546,,20.6,12000,*,34.6
T1,2018,TNZ,19,9Total income all sources,108258,,3.8,85490,,3.4
T1,2018,WEL,10,0wages and salaries,104029,,10.5,92387,,10.8
T1,2018,WEL,11,1self-employment,91759,,19.3,50000,*,45.7
T1,2018,WEL,12,2investments,15139,*,40.2,1500,**,67.2
T1,2018,WEL,13,3private superannuation,25873,*,24.3,23981,*,22.8
T1,2018,WEL,14,4New Zealand Superannuation and war pensions,25496,,6.7,24170,,2.7
T1,2018,WEL,15,5Other government benefits,12878,,17.3,10425,*,22.4
T1,2018,WEL,16,6Other regular sources,12509,*,30.2,3750,*,33.2
T1,2018,WEL,17,7Total regular and recurring income,120354,,8.8,97670,,9.7
T1,2018,WEL,18,8Total irregular Income,28118,**,52.3,4996,**,84.4
T1,2018,WEL,19,9Total income all sources,122603,,9,98611,,9.8
T2,2018,AUK,10,0wages and salaries,77361,,8.6,62080,,11.3
T2,2018,AUK,11,1self-employment,23207,*,27.6,0,,
T2,2018,AUK,12,2investments,7589,**,52.4,0,,
T2,2018,AUK,13,3private superannuation,778,**,63.8,0,,
T2,2018,AUK,14,4New Zealand Superannuation and war pensions,5944,,9.8,0,,
T2,2018,AUK,15,5Other government benefits,4284,,16.5,0,,
T2,2018,AUK,16,6Other regular sources,5414,*,33.2,0,,
T2,2018,AUK,17,7Total regular and recurring income,124578,,8.8,101066,,8.6
T2,2018,AUK,18,8Total irregular Income,2488,*,45.9,0,,
T2,2018,AUK,19,9Total income all sources,127066,,8.6,103369,,8.3
T2,2018,CAN,10,0wages and salaries,64691,,11.5,50091,,12.6
T2,2018,CAN,11,1self-employment,12531,*,28.2,0,,
T2,2018,CAN,12,2investments,3838,*,31.1,9,***,1199.1
T2,2018,CAN,13,3private superannuation,1255,*,44.8,0,,
T2,2018,CAN,14,4New Zealand Superannuation and war pensions,7982,,11,0,,
T2,2018,CAN,15,5Other government benefits,3822,,19,0,,
T2,2018,CAN,16,6Other regular sources,5377,*,30.3,0,,
T2,2018,CAN,17,7Total regular and recurring income,99496,,7.7,82371,,5.7
T2,2018,CAN,18,8Total irregular Income,2723,*,40,0,,
T2,2018,CAN,19,9Total income all sources,102219,,7.7,83298,,5.4
T2,2018,RNI,10,0wages and salaries,51459,,5.7,40176,,11.7
T2,2018,RNI,11,1self-employment,15406,*,24.5,0,,
T2,2018,RNI,12,2investments,5812,*,48,0,,
T2,2018,RNI,13,3private superannuation,810,**,62.8,0,,
T2,2018,RNI,14,4New Zealand Superannuation and war pensions,8090,,7.9,0,,
T2,2018,RNI,15,5Other government benefits,4842,,9.4,0,,
T2,2018,RNI,16,6Other regular sources,4229,*,24.1,0,,
T2,2018,RNI,17,7Total regular and recurring income,90647,,6.4,72745,,6.6
T2,2018,RNI,18,8Total irregular Income,2459,*,34.6,0,,
T2,2018,RNI,19,9Total income all sources,93106,,6.6,74761,,6.9
T2,2018,RSI,10,0wages and salaries,52384,,10.2,39526,*,21.3
T2,2018,RSI,11,1self-employment,14464,*,30.8,0,,
T2,2018,RSI,12,2investments,3090,*,31.3,0,,
T2,2018,RSI,13,3private superannuation,486,**,57.5,0,,
T2,2018,RSI,14,4New Zealand Superannuation and war pensions,8119,,11.5,0,,
T2,2018,RSI,15,5Other government benefits,3739,*,24.2,0,,
T2,2018,RSI,16,6Other regular sources,2425,*,38.7,0,,
T2,2018,RSI,17,7Total regular and recurring income,84706,,6.9,69046,,14.6
T2,2018,RSI,18,8Total irregular Income,2982,**,65.9,0,,
T2,2018,RSI,19,9Total income all sources,87688,,6.8,71566,,13.1
T2,2018,TNZ,10,0wages and salaries,64217,,3.8,48495,,5.6
T2,2018,TNZ,11,1self-employment,17949,,13.9,0,,
T2,2018,TNZ,12,2investments,6009,*,26.9,0,,
T2,2018,TNZ,13,3private superannuation,895,*,28.8,0,,
T2,2018,TNZ,14,4New Zealand Superannuation and war pensions,7261,,2.2,0,,
T2,2018,TNZ,15,5Other government benefits,4257,,7.3,0,,
T2,2018,TNZ,16,6Other regular sources,4521,,15.7,0,,
T2,2018,TNZ,17,7Total regular and recurring income,105109,,3.7,83001,,3.9
T2,2018,TNZ,18,8Total irregular Income,2538,*,22.2,0,,
T2,2018,TNZ,19,9Total income all sources,107647,,3.8,85041,,3.5
T2,2018,WEL,10,0wages and salaries,75811,,11.3,57089,,15.7
T2,2018,WEL,11,1self-employment,20446,*,26.8,0,,
T2,2018,WEL,12,2investments,7663,*,41.3,0,,
T2,2018,WEL,13,3private superannuation,1475,*,40.9,0,,
T2,2018,WEL,14,4New Zealand Superannuation and war pensions,6845,,15.2,0,,
T2,2018,WEL,15,5Other government benefits,3500,*,21.8,0,,
T2,2018,WEL,16,6Other regular sources,3938,*,34.1,0,,
T2,2018,WEL,17,7Total regular and recurring income,119678,,8.9,97366,,9.4
T2,2018,WEL,18,8Total irregular Income,2236,**,58.7,0,,
T2,2018,WEL,19,9Total income all sources,121914,,9.1,97670,,9.6
